Date,Open,High,Low,Close,Volume
04-10-2018 15:30,1462.85,1478.63,1462.85,1468.8,592266
04-11-2018 15:30,1475.3,1512.5,1472.8,1507.08,1562208
04-12-2018 15:30,1505,1575,1503.98,1569.63,3057180
4/13/2018 15:30:00,1575,1620.4,1566.05,1576.65,4089559
4/16/2018 15:30:00,1558,1599.98,1555.38,1593.83,3135137
4/17/2018 15:30:00,1593.83,1597.48,1573.6,1583.3,1650862
4/18/2018 15:30:00,1583,1596.73,1572.93,1579.55,1216533
4/19/2018 15:30:00,1589.95,1608.6,1582.88,1595.58,2410476
4/20/2018 15:30:00,1625,1711.18,1620,1701.23,9232831
4/23/2018 15:30:00,1712,1778.95,1694.78,1704.33,7592955
4/24/2018 15:30:00,1705,1721.58,1671.25,1692.83,4157168
4/25/2018 15:30:00,1692.5,1741.5,1682.53,1735.13,4098287
4/26/2018 15:30:00,1733.5,1780,1733.5,1769.63,6067517
4/27/2018 15:30:00,1762.5,1772,1710,1725.98,2250665
4/30/2018 15:30:00,1725.98,1774.5,1718.8,1766.05,1729279
05-02-2018 15:30,1765.25,1766.1,1735.65,1749.88,1579023
05-03-2018 15:30,1754.9,1763,1735.2,1740.93,1880775
05-04-2018 15:30,1746,1748.5,1735,1740.38,1173622
05-07-2018 15:30,1745,1745,1705.45,1710.48,1742213
05-08-2018 15:30,1717.35,1743.25,1698.35,1720.6,1496410
05-09-2018 15:30,1720.1,1747.38,1720.1,1744.65,1307525
05-10-2018 15:30,1751.48,1755.58,1720.1,1725.63,1929339
05-11-2018 15:30,1727.1,1742.5,1721.25,1728.48,1313938
5/14/2018 15:30:00,1728.5,1735.5,1705.4,1716.78,1216947
5/15/2018 15:30:00,1725,1747.9,1716.85,1741.2,976445
5/16/2018 15:30:00,1739.98,1754.5,1737.63,1746.95,824225
5/17/2018 15:30:00,1756.48,1766.58,1738,1745.9,1484024
5/18/2018 15:30:00,1740.4,1758.85,1729,1751.03,937498
5/21/2018 15:30:00,1764.35,1796,1759.03,1778.38,1723089
5/22/2018 15:30:00,1779,1787.48,1746.85,1754.45,928708
5/23/2018 15:30:00,1762.5,1772.5,1740.5,1747.55,753649
5/24/2018 15:30:00,1755,1807.5,1751.18,1801.85,1481158
5/25/2018 15:30:00,1812.5,1837.4,1786.28,1792.9,1884886
5/28/2018 15:30:00,1808.25,1808.25,1743,1751.03,1858399
5/29/2018 15:30:00,1764.95,1772,1744,1761.75,1762656
5/30/2018 15:30:00,1754.53,1766.5,1741.25,1757.05,1889553
5/31/2018 15:30:00,1734,1759.05,1726.1,1741.05,5049371
06-01-2018 15:30,1754,1758,1716,1732,1603856
06-04-2018 15:30,1745,1749,1712.6,1744.25,1681483
06-05-2018 15:30,1744,1751.9,1711.15,1721.6,2449568
06-06-2018 15:30,1723,1734.9,1715.2,1725.75,2236512
06-07-2018 15:30,1725,1749,1723.8,1735.55,2414762
06-08-2018 15:30,1735,1757.3,1735,1747.1,2582138
06-11-2018 15:30,1747.1,1763,1743,1749.7,2179378
06-12-2018 15:30,1757,1785,1753,1781,4608875
6/13/2018 15:30:00,1816,1831.65,1798,1824.1,5370983
6/14/2018 15:30:00,1830,1832.3,1784,1787.55,3819998
6/15/2018 15:30:00,1800,1847.1,1788.6,1840.05,9183574
6/18/2018 15:30:00,1867.95,1867.95,1822.15,1829,4674987
6/19/2018 15:30:00,1822.15,1839,1821,1824.5,3245034
6/20/2018 15:30:00,1832,1836.3,1818.6,1822.45,3107695
6/21/2018 15:30:00,1832,1832,1817.6,1819.35,2910659
6/22/2018 15:30:00,1827,1827,1799.55,1809.8,2949458
6/25/2018 15:30:00,1811.9,1822.35,1806,1819.25,2083217
6/26/2018 15:30:00,1823,1861,1821,1852,4679712
6/27/2018 15:30:00,1860,1885.15,1851.25,1858,4081208
6/28/2018 15:30:00,1865,1871,1826.3,1842.7,4888125
6/29/2018 15:30:00,1844.9,1867.4,1842.3,1847.75,3506276
07-02-2018 15:30,1852,1857.8,1841.1,1851.35,2650290
07-03-2018 15:30,1859.95,1879.9,1857.05,1874.05,3242233
07-04-2018 15:30,1879.9,1879.9,1857.15,1866.15,2700614
07-05-2018 15:30,1873,1887.5,1862.1,1880.3,2472571
07-06-2018 15:30,1882.85,1921,1881.65,1912.95,3713781
07-09-2018 15:30,1924,1924.4,1876.5,1883,6151747
07-10-2018 15:30,1898,1898.9,1870.75,1875.1,5303302
07-11-2018 15:30,1900,1998,1894.15,1979.9,22903802
07-12-2018 15:30,1984,1990.9,1960.5,1971.35,6921701
7/13/2018 15:30:00,1975,1997.9,1974,1981.1,4148185
7/16/2018 15:30:00,1990,1996,1977.45,1989.2,2582159
7/17/2018 15:30:00,1989,2009,1981,2002.15,3315492
7/18/2018 15:30:00,2005,2011.7,1993.05,2000.25,2013869
7/19/2018 15:30:00,2002.1,2010.45,1970,1981.4,1746318
7/20/2018 15:30:00,1984.9,2000,1984,1996.6,1934995
7/23/2018 15:30:00,2001,2009.95,1986,2005.65,2086201
7/24/2018 15:30:00,2015,2015,1984.15,1999,2038423
7/25/2018 15:30:00,2001.9,2002,1968.4,1981.5,1535492
7/26/2018 15:30:00,1974.95,1985,1955.1,1964.7,3503036
7/27/2018 15:30:00,1960.85,1964.65,1940.3,1943.75,2033977
7/30/2018 15:30:00,1943,1954.7,1931.55,1944.6,1579251
7/31/2018 15:30:00,1942,1947,1928,1940.2,2204803
08-01-2018 15:30,1949.95,1981.55,1949.8,1976.5,2425180
08-02-2018 15:30,1980,1985,1945,1948.4,1509287
08-03-2018 15:30,1956.5,1982.05,1956.5,1979.45,1505131
08-06-2018 15:30,1997,1998.95,1972.25,1975.55,1532249
08-07-2018 15:30,1978.2,1979.15,1960.5,1967.35,1353560
08-08-2018 15:30,1972,1978.3,1962,1974,1315062
08-09-2018 15:30,1980,1980.8,1966,1974.35,2060297
08-10-2018 15:30,1980.95,1996.5,1972.05,1993.1,2784105
8/13/2018 15:30:00,1997.8,2004.25,1990,2000.15,3559575
8/14/2018 15:30:00,1992,2024.6,1982.4,2003.55,3311765
8/16/2018 15:30:00,2000.3,2020.05,1995,2008.5,2152065
8/17/2018 15:30:00,2013.85,2021.9,2004,2012.75,1213731
8/20/2018 15:30:00,2024,2024,2003.7,2009.95,1587032
8/21/2018 15:30:00,2010.15,2024,2004,2017.65,1376866
8/23/2018 15:30:00,2022.8,2038,2020.3,2035.1,3046791
8/24/2018 15:30:00,2035.1,2046,2031,2043,1570533
8/27/2018 15:30:00,2043,2059,2035,2050.9,1532702
8/28/2018 15:30:00,2055,2072,2052,2069.2,1987983
8/29/2018 15:30:00,2072.5,2076.6,2045.6,2072,1525867
8/30/2018 15:30:00,2068,2085,2065.5,2082.4,2408020
8/31/2018 15:30:00,2082.3,2092,2074,2078.4,2504554
09-03-2018 15:30,2084.8,2090,2048.4,2052.9,1439711
09-04-2018 15:30,2059.8,2104.75,2056.95,2098.9,4420803
09-05-2018 15:30,2100,2107.25,2075.05,2079.25,1681106
09-06-2018 15:30,2075,2081.5,2060.3,2075.3,2238097
09-07-2018 15:30,2079.3,2084,2065.4,2079.85,1312182
09-10-2018 15:30,2084.4,2093.4,2074.25,2080.75,1530539
09-11-2018 15:30,2089,2089,2042.2,2046.25,3679745
09-12-2018 15:30,2052.35,2068.9,2040,2043.95,2307661
9/14/2018 15:30:00,2044,2071.55,2018.15,2065.4,3642038
9/17/2018 15:30:00,2070,2077.8,2054.55,2074.15,1033857
9/18/2018 15:30:00,2073,2078.8,2057.6,2070.75,1456507
9/19/2018 15:30:00,2071.9,2089,2066.85,2077.9,1301268
9/21/2018 15:30:00,2077,2121,2050.15,2103.15,4508530
9/24/2018 15:30:00,2115,2210.5,2098.15,2198.45,3032226
9/25/2018 15:30:00,2204.9,2211.9,2153.8,2183.2,2868778
9/26/2018 15:30:00,2187,2199,2135.1,2142.15,1970951
9/27/2018 15:30:00,2141.9,2209.7,2135.8,2188.85,3311802
9/28/2018 15:30:00,2178,2190,2158.85,2183.7,2904371
10-01-2018 15:30,2190.9,2275.95,2190.35,2255.55,3772208
10-03-2018 15:30,2250.3,2255,2155.6,2162.85,3902322
10-04-2018 15:30,2156.6,2156.65,2056.35,2064.8,4762419
10-05-2018 15:30,2050,2120,2020.9,2102.65,3417624
10-08-2018 15:30,2102.65,2122.2,2048.15,2077.55,2010154
10-09-2018 15:30,2080.35,2107.65,2053.2,2091.8,1867130
10-10-2018 15:30,2100,2105.95,2029,2043.6,2749573
10-11-2018 15:30,1985,2013,1941,1979.95,4700256
10-12-2018 15:30,1978,1978,1903,1918.3,9373289
10/15/2018 15:30:00,1940,1955.55,1920,1949.5,2638151
10/16/2018 15:30:00,1958,1971.9,1935,1962.3,2815425
10/17/2018 15:30:00,1970,1989,1920,1929.4,2779207
10/19/2018 15:30:00,1929,1929,1870.05,1913.2,3428776
10/22/2018 15:30:00,1914,1916,1886.95,1903,1778496
10/23/2018 15:30:00,1888,1898,1837,1843.65,2752811
10/24/2018 15:30:00,1852.05,1874,1811.1,1848.5,2735913
10/25/2018 15:30:00,1844,1876.9,1825.05,1853,2507233
10/26/2018 15:30:00,1853.9,1853.9,1791.1,1799.1,2285970
10/29/2018 15:30:00,1808.7,1877.95,1784.35,1871,2609483
10/30/2018 15:30:00,1867,1909.4,1845,1894.8,2404883
10/31/2018 15:30:00,1900,1943.9,1875.45,1938.15,2769190
11-01-2018 15:30,1943.65,1944.35,1901.3,1935.75,2769759
11-02-2018 15:30,1934.2,1954.6,1905,1913.45,1818635
11-05-2018 19:00,1910,1927.35,1884.75,1894,1713366
11-06-2018 15:30,1894,1937.5,1891,1932.7,1398710
11-09-2018 15:30,1961,1961.95,1905,1909.2,2570479
11-12-2018 15:30,1908.5,1946.1,1908.5,1914.85,2552008
11/13/2018 15:30:00,1915,1939,1903,1934.95,1418432
11/14/2018 15:30:00,1925,1929.9,1870,1880.65,2422318
11/15/2018 15:30:00,1864,1899,1857.6,1872.85,1829123
11/16/2018 15:30:00,1889,1899.8,1870.25,1886.6,1829729
11/19/2018 15:30:00,1899,1907.35,1864.3,1902.45,1740628
11/20/2018 15:30:00,1902,1902,1874.2,1878.25,1190182
11/21/2018 15:30:00,1871,1871.05,1798.55,1812,3840461
11/22/2018 15:30:00,1820,1847.6,1809.95,1812.55,3194219
11/26/2018 15:30:00,1819,1860,1784.5,1846.1,4333177
11/27/2018 15:30:00,1854,1897.9,1835.35,1890.25,3344839
11/28/2018 15:30:00,1889,1989,1882.5,1983.9,5313249
11/29/2018 15:30:00,1997,1997,1942.55,1960.55,4035441
11/30/2018 15:30:00,1966,1991,1959.85,1968.25,5268901
12-03-2018 15:30,1984,1990,1968.3,1982.4,1610576
12-04-2018 15:30,1983,2019.4,1971,2010.85,3270615
12-05-2018 15:30,2006,2018,1985,2006.75,2501539
12-06-2018 15:30,1998,2017,1979.6,1992.7,2321216
12-07-2018 15:30,1985.05,2003.9,1973,1995.2,1680420
12-10-2018 15:30,1975,2011,1960,1975.8,2010786
12-11-2018 15:30,1970,2010,1961,2000,2942014
12-12-2018 15:30,2001.1,2022,1984.95,2016.8,2219993
12/13/2018 15:30:00,2024,2029.7,1974.5,1982.6,3748429
12/14/2018 15:30:00,1983,1998.95,1975.25,1989.75,2473761
12/17/2018 15:30:00,1999,2004.9,1985,1994.3,1227921
12/18/2018 15:30:00,1991.9,2002,1976.4,1987.85,1768742
12/19/2018 15:30:00,1984.8,1984.8,1960.05,1968.45,2498833
12/20/2018 15:30:00,1953.8,1974.9,1946,1954.05,1940277
12/21/2018 15:30:00,1948,1950,1886.55,1895.8,3729956
12/24/2018 15:30:00,1905.8,1938.9,1905,1918.5,1864116
12/26/2018 15:30:00,1921.8,1921.8,1870.25,1889.2,2446614
12/27/2018 15:30:00,1909,1941.7,1872.1,1908.95,4968201
12/28/2018 15:30:00,1915,1920,1893,1896.05,2239130
12/31/2018 15:30:00,1908,1909,1886.15,1893.05,1879740
01-01-2019 15:30,1896,1910,1885,1902.8,1094883
01-02-2019 15:30,1905,1934.45,1900,1923.3,2100463
01-03-2019 15:30,1919,1944.95,1893.1,1899.95,2611668
01-04-2019 15:30,1900,1901.2,1841,1876.85,4280862
01-07-2019 15:30,1891.8,1908.8,1881,1897.9,1856423
01-08-2019 15:30,1905.4,1906.4,1883.3,1893.55,1691756
01-09-2019 15:30,1907.4,1919,1866.7,1886.95,2414376
01-10-2019 15:30,1890,1905,1872.1,1888.55,3053461
01-11-2019 15:30,1870,1875,1835,1842.55,9209862
1/14/2019 15:30:00,1850,1851,1810,1813.25,3615370
1/15/2019 15:30:00,1810,1869.35,1808,1867.8,7711653
1/16/2019 15:30:00,1870,1875,1847,1870.15,2359280
1/17/2019 15:30:00,1878,1898,1871.3,1894.3,2625816
1/18/2019 15:30:00,1881,1904.2,1876,1900.65,1683728
1/21/2019 15:30:00,1902,1932,1895.45,1908.7,2409803
1/22/2019 15:30:00,1907.1,1918.25,1890,1901.9,2457093
1/23/2019 15:30:00,1901,1906.1,1870,1875.6,2578169
1/24/2019 15:30:00,1884.8,1905.25,1875,1901.55,1962927
1/25/2019 15:30:00,1902,1935,1901,1920.8,2327080
1/28/2019 15:30:00,1933,1962,1925.5,1955,2769033
1/29/2019 15:30:00,1962,1989.05,1936.65,1982.75,2557626
1/30/2019 15:30:00,1979.6,1989.5,1954.65,1981.4,2429575
1/31/2019 15:30:00,1987,2019.75,1985,2014.1,4094319
02-01-2019 15:30,2009.5,2034.75,1998.1,2029.95,3064163
02-04-2019 15:30,2029.95,2055.45,2023,2050.25,1590764
02-05-2019 15:30,2050,2055,2028,2044.55,1111404
02-06-2019 15:30,2049.9,2086.85,2041.05,2074.8,1789812
02-07-2019 15:30,2074.75,2097.95,2067,2082.9,1339945
02-08-2019 15:30,2075,2089.5,2051,2061.4,1684474
02-11-2019 15:30,2060,2096,2048.9,2065.9,1778730
02-12-2019 15:30,2070,2070,2018,2051.6,2422903
2/13/2019 15:30:00,2062,2083,2050.5,2065.4,2808581
2/14/2019 15:30:00,2060.05,2075,2033.05,2044.6,1724085
2/15/2019 15:30:00,2049,2052,2010.95,2029.7,1930065
2/18/2019 15:30:00,2037.6,2041.95,1962.65,1970.3,2942184
2/19/2019 15:30:00,1970,1971,1892,1904.8,4408554
2/20/2019 15:30:00,1915,1933.8,1881.3,1914.75,4645778
2/21/2019 15:30:00,1914.75,1940,1897.05,1914.2,4683919
2/22/2019 15:30:00,1917.2,1930,1905.1,1925.65,2271955
2/25/2019 15:30:00,1932.5,1990,1930.5,1985.15,2934880
2/26/2019 15:30:00,1984,2045.15,1972.25,2038.7,6453309
2/27/2019 15:30:00,2040,2074.95,2022,2058.1,4732082
2/28/2019 15:30:00,2060,2071.35,1977.6,1983.45,8454295
03-01-2019 15:30,1995.05,2005,1980.35,1995.4,4148548
03-05-2019 15:30,2005,2007,1976.6,1988.1,2449622
03-06-2019 15:30,1989.3,2015,1985.05,1999.6,2635047
03-07-2019 15:30,2005,2024.05,2000.2,2013.3,2539884
03-08-2019 15:30,2025,2033,2010.05,2022.7,2031071
03-11-2019 15:30,2028.9,2033,2003.65,2014.8,3111689
03-12-2019 15:30,2014.05,2024.8,2003,2012.45,2658550
3/13/2019 15:30:00,2013,2015.9,1978.6,2000.5,1833163
3/14/2019 15:30:00,2004.95,2007.8,1981,1987.4,1905495
3/15/2019 15:30:00,1998.9,2068.95,1991,2039.95,5184318
3/18/2019 15:30:00,2043,2064.6,2011,2022.8,2349915
3/19/2019 15:30:00,2030,2030,1995.1,2022.8,2373993
3/20/2019 15:30:00,2028,2044.8,2000,2015.05,3091165
3/22/2019 15:30:00,2015,2016,1983.3,2005.65,3148149
3/25/2019 15:30:00,2007.8,2007.8,1977.2,1984.25,2429205
3/26/2019 15:30:00,1984,1994.95,1958.05,1982.65,2316539
3/27/2019 15:30:00,1994,1998,1961,1967.9,2266166
3/28/2019 15:30:00,1980,2014.6,1972.8,2000.3,4054489
3/29/2019 15:30:00,2019,2024.9,1983.55,2001.65,2948955
04-01-2019 15:30,2010,2039.95,2008.25,2031.65,2095740
04-02-2019 15:30,2037.1,2086,2037,2079.3,3719663
04-03-2019 15:30,2085,2089.6,2058.1,2079.3,2939886
04-04-2019 15:30,2078.15,2079.7,2007.4,2014.5,4397518
04-05-2019 15:30,2028.65,2054.4,2018.8,2048.3,3152103
04-08-2019 15:30,2059,2075,2032.7,2070.75,2194294
04-09-2019 15:30,2070,2098,2057.65,2091.5,2690970
04-10-2019 15:30,2083,2085.5,2036,2040.25,3313062
04-11-2019 15:30,2045,2055,2013.65,2019.5,3422442
04-12-2019 15:30,2038,2039,2007,2014.5,3198471
4/15/2019 15:30:00,2070,2119.8,2041,2113.3,9189201
4/16/2019 15:30:00,2120,2155.95,2115.55,2131.8,5771952
4/18/2019 15:30:00,2149.9,2155,2114.2,2150.05,3413728
4/22/2019 15:30:00,2148,2176,2145.6,2161.45,2007135
4/23/2019 15:30:00,2163,2165.5,2134.05,2155.05,2163524
4/24/2019 15:30:00,2158,2195,2156.1,2183.45,3003071
4/25/2019 15:30:00,2175,2205,2168.05,2195,4211526
4/26/2019 15:30:00,2203,2243.95,2193.15,2238.55,2716958
4/30/2019 15:30:00,2238.55,2266.95,2230.1,2260.35,3488395
05-02-2019 15:30,2255,2259.4,2211.1,2215.4,2457699
05-03-2019 15:30,2185,2186.05,2125,2132,3780886
05-06-2019 15:30,2110,2165,2108.5,2157.85,2891422
05-07-2019 19:00,2160.05,2184.35,2138.8,2151.95,2201698
05-08-2019 15:30,2151,2168,2130.4,2152.85,1824895
05-09-2019 15:30,2145,2184.1,2136.1,2172.55,2264162
05-10-2019 15:30,2175,2192,2125.85,2135.8,2039633
5/13/2019 15:30:00,2133,2167,2121.65,2128.75,1701744
5/14/2019 15:30:00,2135,2159.8,2072.35,2092.35,2456110
5/15/2019 15:30:00,2097,2124,2084.5,2095.4,2346876
5/16/2019 15:30:00,2096,2124,2077.05,2108.75,1946529
5/17/2019 15:30:00,2112.6,2135,2090,2095.45,1947908
5/20/2019 15:30:00,2125,2151.4,2050,2143.95,2625116
5/21/2019 15:30:00,2148.05,2148.7,2102.55,2109.75,1863157
5/22/2019 15:30:00,2110,2121.95,2075,2081.75,2595795
5/23/2019 15:30:00,2098,2115.35,2050,2054.05,2541294
5/24/2019 15:30:00,2070,2070,2032.25,2048,2274208
5/27/2019 15:30:00,2054.8,2068.95,2040.1,2055.15,2329820
5/28/2019 15:30:00,2060,2097.5,2045,2073.75,5872979
5/29/2019 15:30:00,2080,2123.7,2077.1,2107.55,3281320
5/30/2019 15:30:00,2123,2156.55,2114.4,2146.3,4971725
5/31/2019 15:30:00,2160,2204.95,2152.25,2196.55,4265370
06-03-2019 15:30,2201,2247.65,2185.65,2242.3,3682419
06-04-2019 15:30,2224,2224,2175,2183.1,2408658
06-06-2019 15:30,2199,2199,2152,2166.1,3735467
06-07-2019 15:30,2174,2189.8,2142.1,2181.75,2659446
06-10-2019 15:30,2196.7,2235.85,2185.5,2231.5,2080593
06-11-2019 15:30,2237,2263.95,2231,2252.8,3048937
06-12-2019 15:30,2245,2266.9,2219,2260.9,2404448
6/13/2019 15:30:00,2264,2285,2243.05,2254.1,3320916
6/14/2019 15:30:00,2257.25,2263.1,2234,2254.5,2131408
6/17/2019 15:30:00,2256,2262,2241.45,2249.2,1489497
6/18/2019 15:30:00,2244,2260,2231.2,2250.85,1877447
6/19/2019 15:30:00,2255,2276,2243.15,2259.9,1652817
6/20/2019 15:30:00,2230,2284,2212,2277.95,2199377
6/21/2019 15:30:00,2285,2292.5,2242,2249.85,3871804
6/24/2019 15:30:00,2254.15,2280,2250.8,2275.5,1382424
6/25/2019 15:30:00,2270,2274.45,2250.5,2267.8,1386077
6/26/2019 15:30:00,2265,2266.8,2250,2254.2,1762224
6/27/2019 15:30:00,2255,2264,2241.3,2252.55,2813464
6/28/2019 15:30:00,2260,2261.95,2222.5,2227.2,2372928
07-01-2019 15:30,2235,2255,2206.6,2239.55,2769940
07-02-2019 15:30,2244.9,2257,2216.45,2252.1,1771746
07-03-2019 15:30,2252.2,2258.8,2232,2237.65,1656881
07-04-2019 15:30,2234,2252,2230.1,2242.65,984140
07-05-2019 15:30,2247,2250,2140,2163.1,4088470
07-08-2019 15:30,2149,2188.8,2132.1,2175.4,2788062
07-09-2019 15:30,2174,2174.4,2104.55,2133.35,3977224
07-10-2019 15:30,2080,2127.85,2071.3,2108.2,6343581
07-11-2019 15:30,2128,2129,2086.05,2102.55,2400346
07-12-2019 15:30,2102.1,2119.75,2093.1,2107.6,1560725
7/15/2019 15:30:00,2125,2153.6,2098,2145.7,2900415
7/16/2019 15:30:00,2126,2132.5,2100,2106,2735399
7/17/2019 15:30:00,2108,2125,2092.1,2117.25,1802969
7/18/2019 15:30:00,2116.2,2116.2,2060,2065.95,3072096
7/19/2019 15:30:00,2077,2097,2062.5,2076.95,1953177
7/22/2019 15:30:00,2077,2117.45,2068.8,2109.9,1920167
7/23/2019 15:30:00,2127.9,2130,2102.4,2112.45,3538588
7/24/2019 15:30:00,2110,2120.8,2076.5,2096.8,2413196
7/25/2019 15:30:00,2108.9,2135,2092.55,2127.9,2544464
7/26/2019 15:30:00,2129.8,2129.8,2095,2109.05,1720592
7/29/2019 15:30:00,2110.8,2142,2103.3,2130,1647090
7/30/2019 15:30:00,2130,2185,2120.45,2179.15,2851672
7/31/2019 15:30:00,2171.75,2211.7,2147.15,2205.7,3000677
08-01-2019 15:30,2200,2217.5,2166.25,2180.05,2375236
08-02-2019 15:30,2173,2210,2165.5,2205.3,2500816
08-05-2019 15:30,2199.9,2252.25,2195.6,2248.6,3039682
08-06-2019 15:30,2232.8,2251.95,2211.45,2214.9,2885467
08-07-2019 15:30,2230,2238.5,2207.25,2213.45,2165362
08-08-2019 15:30,2228.9,2281,2218.9,2258.1,2073298
08-09-2019 15:30,2260,2267.9,2241.35,2246.25,1744550
8/13/2019 15:30:00,2245,2246.25,2194.3,2199.45,1647281
8/14/2019 15:30:00,2181.1,2217.85,2167.4,2204.4,1945002
8/16/2019 15:30:00,2241.4,2241.4,2143.25,2165.1,3755507
8/19/2019 15:30:00,2180,2186,2157.7,2163,974884
8/20/2019 15:30:00,2172,2205,2166.5,2186.75,1843611
8/21/2019 15:30:00,2184.95,2202,2182.25,2186.2,1214408
8/22/2019 15:30:00,2187,2235.65,2170,2216,2131601
8/23/2019 15:30:00,2214.95,2259.9,2213.9,2247.7,2826425
8/26/2019 15:30:00,2247,2282,2225,2276.3,2345475
8/27/2019 15:30:00,2270,2274.85,2229,2236.5,3432106
8/28/2019 15:30:00,2240,2252.15,2216,2239.25,1294621
8/29/2019 15:30:00,2222.2,2248.2,2222.2,2233.45,1670652
8/30/2019 15:30:00,2241,2266,2218,2259.6,2583625
09-03-2019 15:30,2270,2296.2,2236.95,2251.6,2545060
09-04-2019 15:30,2265,2270,2233,2245.4,2228092
09-05-2019 15:30,2242.2,2253.65,2207.3,2215.3,2055943
09-06-2019 15:30,2216,2233.5,2192.6,2197.5,1890550
09-09-2019 15:30,2200,2202.85,2179.8,2182.85,1703945
09-11-2019 15:30,2186,2195,2146.55,2154,2627440
09-12-2019 15:30,2155,2165,2120.35,2133.6,2118859
9/13/2019 15:30:00,2135,2157.95,2115.55,2141.95,2291174
9/16/2019 15:30:00,2159.95,2173.4,2126.4,2150,2597948
9/17/2019 15:30:00,2154.95,2156.55,2105.6,2122.65,2796530
9/18/2019 15:30:00,2126.4,2142.95,2113.15,2138.55,1454663
9/19/2019 15:30:00,2135,2135.8,2091,2101.95,1652691
9/20/2019 15:30:00,2104.9,2129.4,2057,2065.45,6941979
9/23/2019 15:30:00,2099,2099,1975,2015.8,6323401
9/24/2019 15:30:00,2015,2061,2013,2044.7,4620978
9/25/2019 15:30:00,2065,2092,2060.05,2088.45,4002232
9/26/2019 15:30:00,2097.9,2107,2063,2087.6,4234281
9/27/2019 15:30:00,2085,2085.2,2051.4,2056.15,2046795
9/30/2019 15:30:00,2061.85,2104,2060,2099.3,2620039
10-01-2019 15:30,2095.95,2095.95,2039.7,2059.95,3342877
10-03-2019 15:30,2070,2081.15,2046.15,2060.25,2317618
10-04-2019 15:30,2060.6,2087.95,2054.95,2079.35,2163251
10-07-2019 15:30,2080,2094.5,2041,2047.7,2177916
10-09-2019 15:30,2060,2060,2015.5,2020.1,2066920
10-10-2019 15:30,2028,2039.05,1997.1,2004.45,2881452
10-11-2019 15:30,1931,1995,1925,1986.85,12593069
10/14/2019 15:30:00,1995,2032.75,1968,2021,3510704
10/15/2019 15:30:00,2032,2047,2022.7,2037.3,2261310
10/16/2019 15:30:00,2038,2056,2016,2046.4,3034082
10/17/2019 15:30:00,2014,2038,1999.3,2030.95,3818774
10/18/2019 15:30:00,2037.5,2063.9,2025,2057.35,3087901
10/22/2019 15:30:00,2080,2111.5,2040.05,2051.4,5552505
10/23/2019 15:30:00,2060,2083.85,2052.5,2070.1,2348134
10/24/2019 15:30:00,2084,2099,2061.3,2082,2798671
10/25/2019 19:00:00,2094,2130,2075.05,2124.95,3954245
10/27/2019 19:25:00,2129,2129,2108.8,2117.65,224405
10/29/2019 15:30:00,2121.5,2201.7,2121.5,2194.85,5064173
10/30/2019 15:30:00,2225,2260,2176.85,2252.8,5195136
10/31/2019 15:30:00,2250,2284.95,2237,2269.65,4879261
11-01-2019 15:30,2264,2275,2195,2200.9,4172620
11-04-2019 15:30,2207,2229.2,2180.9,2193.95,2646411
11-05-2019 15:30,2197,2211,2169,2201.85,2693475
11-06-2019 15:30,2200,2210.8,2179,2188.5,2540719
11-07-2019 15:30,2204.5,2204.5,2175.2,2185.35,1915598
11-08-2019 15:30,2189.6,2189.6,2124,2129.95,2788759
11-11-2019 15:30,2135,2139,2091,2100.95,2983768
11/13/2019 15:30:00,2118,2183.8,2118,2178.6,3823365
11/14/2019 15:30:00,2187.5,2200,2146.7,2196.8,2995915
11/15/2019 15:30:00,2196,2211.5,2168.75,2174.45,2724180
11/18/2019 15:30:00,2178.4,2187.75,2148.75,2152.6,1611089
11/19/2019 15:30:00,2153,2154.65,2105,2108.8,2975313
11/20/2019 15:30:00,2121.95,2135,2094.5,2108.55,2894129
11/21/2019 15:30:00,2112,2126.6,2107.4,2118.1,2052574
11/22/2019 15:30:00,2097,2107,2060.5,2071.7,3742049
11/25/2019 15:30:00,2074.55,2084.95,2052.2,2081.5,2737010
11/26/2019 15:30:00,2089.85,2097.9,2035.05,2046.65,6561580
11/27/2019 15:30:00,2052,2071.7,2046.55,2054.3,2907521
11/28/2019 15:30:00,2067.05,2094.4,2060,2077.35,2924429
11/29/2019 15:30:00,2085,2085,2045.8,2053.25,2064271
12-03-2019 15:30,2027.7,2062,2010,2051,4664774
12-04-2019 15:30,2053,2082,2045.5,2078.5,3334301
12-05-2019 15:30,2083,2126.8,2068.35,2121.3,3902721
12-06-2019 15:30,2124,2128,2101,2123.6,1829461
12-09-2019 15:30,2127.95,2127.95,2053.5,2060.45,2244747
12-10-2019 15:30,2060,2060.85,2003.25,2012.85,4520045
12-11-2019 15:30,2025.4,2048,2006.75,2041.9,4943024
12-12-2019 15:30,2051.1,2083.65,1984,2020.9,7137306
12/13/2019 15:30:00,2023,2077.4,2007,2071.25,5711133
12/16/2019 15:30:00,2096,2136,2080.3,2126.75,5574177
12/17/2019 15:30:00,2126.5,2169,2119,2164.95,6059673
12/18/2019 15:30:00,2174,2203.45,2153,2167.75,8251081
12/19/2019 15:30:00,2179.8,2236.5,2167.55,2229.05,6251505
12/20/2019 15:30:00,2220,2246.7,2208.25,2222.9,5548338
12/23/2019 15:30:00,2210,2241.95,2210,2231.7,2247329
12/24/2019 15:30:00,2239,2243.55,2211.15,2215.6,1805896
12/26/2019 15:30:00,2216.4,2229,2195.2,2201.95,1880367
12/27/2019 15:30:00,2208,2226.4,2176,2198.5,2720261
12/30/2019 15:30:00,2207,2225,2177.1,2183.2,2288830
12/31/2019 15:30:00,2189,2197,2157.45,2161.7,1909289
01-01-2020 15:30,2168,2183.9,2154,2167.6,1354908
01-02-2020 15:30,2179.95,2179.95,2149.2,2157.65,2380752
01-03-2020 15:30,2164,2223,2164,2200.65,4655761
01-06-2020 15:30,2205,2225.95,2187.9,2200.45,3023209
01-07-2020 15:30,2200.5,2214.65,2183.8,2205.85,2429317
01-08-2020 15:30,2205,2260,2202.05,2255.25,5197454
01-09-2020 15:30,2248.75,2251.95,2210,2214.35,3734173
01-10-2020 15:30,2228,2234,2208,2213.55,1915807
1/13/2020 15:30:00,2217.85,2218.95,2184.7,2190.35,2843893
1/14/2020 15:30:00,2195,2229.8,2195,2206.9,2948452
1/15/2020 15:30:00,2213,2231,2194.2,2226.9,2620681
1/16/2020 15:30:00,2226.95,2249,2215,2238.8,3117214
1/17/2020 15:30:00,2240.75,2253.55,2213,2219.1,3281059
1/20/2020 15:30:00,2194.9,2242.2,2156.2,2170.35,5817599
1/21/2020 15:30:00,2169.95,2186.55,2158.05,2171.05,1902980
1/22/2020 15:30:00,2181,2210,2173.7,2206.9,1773686
1/23/2020 15:30:00,2209.8,2217.75,2183.7,2190.95,2069866
1/24/2020 15:30:00,2190.95,2190.95,2170,2183.4,1319430
1/27/2020 15:30:00,2189.7,2193.45,2165,2169.25,1549101
1/28/2020 15:30:00,2174,2187.8,2152,2183.75,1743024
1/29/2020 15:30:00,2185,2186.95,2150,2154.6,2306761
1/30/2020 15:30:00,2160,2165,2125,2137.85,2098567
1/31/2020 15:30:00,2139.4,2144.35,2071.6,2079.05,3287223
02-01-2020 17:00,2079.5,2179,2063.6,2175,3127520
02-03-2020 15:30,2152,2194.7,2093.2,2102.5,4728073
02-04-2020 15:30,2129,2136.7,2086.6,2107.75,3509339
02-05-2020 15:30,2115,2156.7,2104.3,2146.55,2439322
02-06-2020 15:30,2145,2174.2,2115.5,2128.35,2640065
02-07-2020 15:30,2139,2151,2119,2136.55,2083442
02-10-2020 15:30,2140.9,2167,2119,2161.95,2383032
02-11-2020 15:30,2163,2174.8,2147.6,2153.4,1335820
02-12-2020 15:30,2151.1,2185,2150,2170.75,1620407
2/13/2020 15:30:00,2172.95,2197,2171,2191.95,1645948
2/14/2020 15:30:00,2188,2212,2171,2184.2,1500115
2/17/2020 15:30:00,2196.95,2217,2190.2,2203.25,1774724
2/18/2020 15:30:00,2199.95,2221,2186.05,2215.75,2486223
2/19/2020 15:30:00,2215.75,2230,2190.5,2196.35,1760463
2/20/2020 15:30:00,2204.5,2214.4,2151.25,2156.8,2317278
2/24/2020 15:30:00,2156,2178.95,2106.7,2115.35,3092877
2/25/2020 15:30:00,2115.5,2176.65,2111,2156.15,2674567
2/26/2020 15:30:00,2154,2163.9,2112.95,2123.6,2686842
2/27/2020 15:30:00,2119.95,2119.95,2086.2,2105.5,2349001
2/28/2020 15:30:00,2068,2069.5,1990,2000.15,4298076
03-02-2020 15:30,2035,2053.95,1985.7,2001.3,2667076
03-03-2020 15:30,2020,2060,2012,2036.2,2757585
03-04-2020 15:30,2056,2094.45,2025,2083.2,3237002
03-05-2020 15:30,2085.7,2147.75,2084.05,2125.05,3937056
03-06-2020 15:30,2098,2123.65,2071.6,2116.45,2595027
03-09-2020 15:30,2075,2079.9,1935,1972.35,4940982
03-11-2020 15:30,1933,1987.3,1920,1953.7,6796752
03-12-2020 15:30,1904,1908.4,1758.35,1769.85,8728972
3/13/2020 15:30:00,1687.9,1820,1506.05,1806.3,8029725
3/16/2020 15:30:00,1755,1842.25,1675.85,1696.4,7844420
3/17/2020 15:30:00,1730,1731,1623.15,1658,5713269
3/18/2020 15:30:00,1676.8,1713.55,1627.75,1654.4,7259111
3/19/2020 15:30:00,1559.7,1685.45,1546.75,1636.35,5135162
3/20/2020 15:30:00,1630,1869,1627,1797.45,8547645
3/23/2020 15:30:00,1620,1750,1617.75,1669.7,7003558
3/24/2020 15:30:00,1653.05,1770,1632.85,1703.15,6354209
3/25/2020 15:30:00,1700,1810,1680,1750.3,2765527
3/26/2020 15:30:00,1831.6,1832.05,1722.55,1790.95,4556071
3/27/2020 15:30:00,1820,1850,1750.4,1824.5,4331310
3/30/2020 15:30:00,1766,1905,1763.55,1778.5,8513608
3/31/2020 15:30:00,1837.4,1855,1780,1826.1,3927593
04-01-2020 15:30,1825.9,1834.75,1702,1708.75,4941898
04-03-2020 15:30,1740,1740,1650,1654.2,5735529
04-07-2020 15:30,1710,1785.85,1705,1775.2,5427965
04-08-2020 15:30,1760,1806,1701,1705.45,6285616
04-09-2020 15:30,1750.45,1778.8,1731.2,1766.15,5307649
4/13/2020 15:30:00,1761,1787,1746,1759.25,2990478
4/15/2020 15:30:00,1785,1812,1727.8,1735.15,4761401
4/16/2020 15:30:00,1709.95,1764.9,1675.05,1716.05,6245583
4/17/2020 15:30:00,1800,1851.95,1753,1806.2,9895825
4/20/2020 15:30:00,1830,1830,1802.5,1818.65,3244293
4/21/2020 15:30:00,1765,1794.6,1727.7,1737.65,5122606
4/22/2020 15:30:00,1737.65,1790,1719.15,1769.5,3829839
4/23/2020 15:30:00,1780,1900,1760.85,1878.25,5934424
4/24/2020 15:30:00,1840.7,1851.95,1807.8,1818.55,2987150
4/27/2020 15:30:00,1832.3,1875,1825,1836.6,3374747
4/28/2020 15:30:00,1865,1868,1832.6,1859.05,2678512
4/29/2020 15:30:00,1874,1912.55,1850.05,1905.65,4241579
4/30/2020 15:30:00,1980,2032,1942.2,2014.45,5915950
05-04-2020 15:30,1966,1966,1913.65,1930.45,3729409
05-05-2020 15:30,1955.1,1977,1927,1932.75,2905541
05-06-2020 15:30,1939.8,1953.7,1893.6,1903.6,3517432
05-07-2020 15:30,1910,1934.45,1883.35,1891.65,3166784
05-08-2020 15:30,1939.1,1939.5,1886.25,1893.4,2686536
05-11-2020 15:30,1909,1951.4,1909,1935.3,2449846
05-12-2020 15:30,1933.4,1956.5,1910.25,1949.5,3256630
5/13/2020 15:30:00,1994,1994,1925.65,1949.65,2656665
5/14/2020 15:30:00,1910,1923.1,1891.1,1902.35,2263204
5/15/2020 15:30:00,1916,1917.4,1865.2,1892.9,3173682
5/18/2020 15:30:00,1907,1952.95,1872.1,1945.6,3727896
5/19/2020 15:30:00,1903,1966.45,1903,1948.65,3198699
5/20/2020 15:30:00,1950,1962.9,1931.7,1953.6,2778505
5/21/2020 15:30:00,1946,1998,1941.15,1991.2,3400925
5/22/2020 15:30:00,1977.1,2032,1961.25,2020.35,3663422
5/26/2020 15:30:00,2015,2024,1925,1943,4575512
5/27/2020 15:30:00,1959,2010,1941.25,2005.3,3482185
5/28/2020 15:30:00,1988.5,2014,1971.3,2004.3,3475788
5/29/2020 15:30:00,1982,2002.65,1962.4,1972.35,7237765
06-01-2020 15:30,1990,2060,1981.1,2045.25,3747850
06-02-2020 15:30,2060.2,2081,2040.05,2047.15,2443886
06-03-2020 15:30,2051.85,2063.75,2020,2046.15,3699799
06-04-2020 15:30,2046.75,2100,2046.75,2091.55,4048593
06-05-2020 15:30,2091.6,2098,2040.3,2048.25,3573299
06-08-2020 15:30,2078.25,2095,2062.1,2071.75,2957841
06-09-2020 15:30,2063.1,2095.5,2060.25,2072.05,2910152
06-10-2020 15:30,2077.05,2132,2073.5,2108.75,5168494
06-11-2020 15:30,2100,2105,2061.8,2067.65,2269569
06-12-2020 15:30,2011.2,2049.2,2011,2039.5,2842757
6/15/2020 15:30:00,2039.1,2059,2000.95,2029.9,2399028
6/16/2020 15:30:00,2065,2073.95,2031,2045.8,2146528
6/17/2020 15:30:00,2046,2058.85,2026.55,2047.8,2703546
6/18/2020 15:30:00,2045,2059.2,2025.2,2038.1,1944471
6/19/2020 15:30:00,2042,2090,2032,2044.6,5681784
6/22/2020 15:30:00,2050,2052.25,2019.15,2027.95,3196138
6/23/2020 15:30:00,2027,2044,2010,2035.3,4206122
6/24/2020 15:30:00,2034,2064.25,2031.6,2042.2,2560951
6/25/2020 15:30:00,2035,2060,2009.25,2016.1,3044089
6/26/2020 15:30:00,2025,2132,2019.95,2118.85,6300912
6/29/2020 15:30:00,2108,2127.6,2091.3,2101.65,3076344
6/30/2020 15:30:00,2100,2111.9,2075.05,2082.15,3071877
07-01-2020 15:30,2079.7,2113.95,2079.5,2092.05,2503466
07-02-2020 15:30,2102,2165,2098,2157.15,3758709
07-03-2020 15:30,2163.65,2205,2160.25,2199.65,4185215
07-06-2020 15:30,2205,2269.9,2205,2263.2,5190366
07-07-2020 15:30,2275,2302.7,2232.15,2269.9,5630081
07-08-2020 15:30,2270,2274.4,2207.6,2218.9,2793674
07-09-2020 15:30,2229,2244.5,2191.05,2204.35,3443998
07-10-2020 15:30,2205.25,2249.85,2176,2222.35,9610327
7/13/2020 15:30:00,2220,2244.95,2210,2220,2963525
7/14/2020 15:30:00,2210,2239,2165,2171.95,2976749
7/15/2020 15:30:00,2185,2260,2181.1,2233.9,5569322
7/16/2020 15:30:00,2244,2333,2220.1,2234.75,8582120
7/17/2020 15:30:00,2237,2243.9,2190.05,2200.75,4509143
7/20/2020 15:30:00,2201,2226.9,2190.8,2207.9,2952719
7/21/2020 15:30:00,2230,2238.65,2201.15,2225.05,2665386
7/22/2020 15:30:00,2231,2231,2184.2,2190.95,2861698
7/23/2020 15:30:00,2190.95,2190.95,2163,2171.2,2265791
7/24/2020 15:30:00,2154.5,2163,2125.1,2157.4,3665123
7/27/2020 15:30:00,2165,2215,2163.5,2206.8,4248837
7/28/2020 15:30:00,2215,2320,2215,2309.75,8092458
7/29/2020 15:30:00,2292,2342,2246.05,2276.05,6090440
7/30/2020 15:30:00,2285.9,2358,2272.25,2279.5,7098913
7/31/2020 15:30:00,2303.15,2334.8,2257.45,2281.4,4723290
08-03-2020 15:30,2290.45,2303.85,2230.7,2254.15,4012445
08-04-2020 15:30,2259.95,2269.65,2225.05,2249.7,2927953
08-05-2020 15:30,2260,2300,2253,2259.5,3800641
08-06-2020 15:30,2275,2319.5,2265.35,2308.1,4748348
08-07-2020 15:30,2308,2328,2287,2295.35,3165495
08-10-2020 15:30,2318,2325,2276.05,2282.8,2929385
08-11-2020 15:30,2283,2312,2275.6,2279.9,2774509
08-12-2020 15:30,2288.35,2296.4,2246.55,2257.35,3415766
8/13/2020 15:30:00,2273,2300,2250.5,2254.45,2695682
8/14/2020 15:30:00,2277,2281.3,2233.1,2242.15,2270405
8/17/2020 15:30:00,2263,2270,2238.25,2253.4,2625670
8/18/2020 15:30:00,2262.8,2289,2248.3,2269.75,3493411
8/19/2020 15:30:00,2276.35,2284.6,2252.5,2256.6,2843007
8/20/2020 15:30:00,2257,2276.55,2240.05,2252.85,2895265
8/21/2020 15:30:00,2260,2271,2241.05,2248.6,1975304
8/24/2020 15:30:00,2250.6,2259.95,2230,2248.1,2167987
8/25/2020 15:30:00,2245,2250,2233.55,2242.65,1663454
8/26/2020 15:30:00,2242,2259.9,2216.45,2253.5,2618159
8/27/2020 15:30:00,2266,2287.35,2241.75,2248.4,3579397
8/28/2020 15:30:00,2268.4,2279.95,2235.1,2238.55,2941156
8/31/2020 15:30:00,2240,2276.2,2228,2257.25,6018160
09-01-2020 15:30,2269,2278,2241.3,2246.35,3610908
09-02-2020 15:30,2247,2268.75,2241.65,2265.15,2084152
09-03-2020 15:30,2268,2324,2268,2299.5,4654146
09-04-2020 15:30,2275,2324.25,2262.95,2288.8,5232180
09-07-2020 15:30,2289,2343.5,2283.35,2327.05,4620416
09-08-2020 15:30,2335.95,2390.45,2327.05,2348.2,7454161
09-09-2020 15:30,2325,2359,2320,2327.65,3866542
09-10-2020 15:30,2335,2348.5,2324.3,2331.15,2308813
09-11-2020 15:30,2330.95,2383,2330.15,2374.1,4145429
9/14/2020 15:30:00,2384.1,2505.75,2381.85,2491.4,7512284
9/15/2020 15:30:00,2491.4,2538,2464.6,2491.4,7318773
9/16/2020 15:30:00,2488.95,2507.6,2477.3,2503,3074013
9/17/2020 15:30:00,2480,2495.75,2450.6,2460.95,4828231
9/18/2020 15:30:00,2485,2500.4,2436.4,2449.9,4183256
9/21/2020 15:30:00,2465,2504.9,2452.15,2465.3,4598809
9/22/2020 15:30:00,2485,2555,2458,2522.95,7499927
9/23/2020 15:30:00,2510,2519.85,2409,2467.45,7503152
9/24/2020 15:30:00,2450,2450,2302.6,2332.25,8425118
9/25/2020 15:30:00,2368,2440,2352.1,2422.3,8228297
9/28/2020 15:30:00,2440,2444,2366,2426.3,4347177
9/29/2020 15:30:00,2434.85,2511.05,2426.3,2488.4,6995815
9/30/2020 15:30:00,2489,2505,2460,2492.3,3917186
10-01-2020 15:30,2510,2540,2492.3,2523.45,2610338
10-05-2020 15:30,2620,2728.1,2603.05,2705.8,17412119
10-06-2020 15:30,2736,2736,2650.1,2714.3,9846376
10-07-2020 15:30,2742,2770,2703,2735.95,9656167
10-08-2020 15:30,2800,2885,2800,2825.7,19839826
10-09-2020 15:30,2810,2829.85,2780,2812.95,7739375
10-12-2020 15:30,2815.5,2854,2800.75,2830,4623211
10/13/2020 15:30:00,2845,2854.9,2812.2,2826.55,4209905
10/14/2020 15:30:00,2842,2842,2787.55,2809.6,4395979
10/15/2020 15:30:00,2811,2827.75,2727,2740.6,6629395
10/16/2020 15:30:00,2750.1,2771.65,2731.3,2763.3,5273773
10/19/2020 15:30:00,2774,2774,2706.6,2711.55,3331194
10/20/2020 15:30:00,2725,2759.9,2717.95,2739,3406298
10/21/2020 15:30:00,2739,2749,2663.05,2675.4,4570175
10/22/2020 15:30:00,2661,2686.65,2638.1,2671.15,5262311
10/23/2020 15:30:00,2687.8,2702,2670.1,2686.8,3499372
10/26/2020 15:30:00,2689.95,2709.95,2670.5,2688.2,2672766
10/27/2020 15:30:00,2699.75,2718.15,2624.1,2630.15,3537594
10/28/2020 15:30:00,2650,2655.95,2606,2622.2,3569515
10/29/2020 15:30:00,2608,2655,2600.25,2632.65,3105970
10/30/2020 15:30:00,2636.1,2674.35,2621.6,2664.85,3427003
11-02-2020 15:30,2660,2664.85,2600.05,2604.6,2571196
11-03-2020 15:30,2604,2665,2601.05,2633.6,2879269
11-04-2020 15:30,2610,2721.85,2610,2653.15,4893928
11-05-2020 15:30,2685,2710,2667,2685.7,2816502
11-06-2020 15:30,2699,2713.25,2681.3,2707.45,3884421
11-09-2020 15:30,2731.1,2744,2695.1,2726.6,3646592
11-10-2020 15:30,2697.2,2713.15,2638.35,2649.6,4760020
11-11-2020 15:30,2667.95,2692.8,2643.4,2687.8,3242441
11-12-2020 15:30,2686,2713,2661.75,2671.05,2437505
11/13/2020 15:30:00,2655.75,2664.9,2636,2656.85,2548093
11/17/2020 15:30:00,2695,2695,2650.05,2666.05,2827273
11/18/2020 15:30:00,2661,2664.2,2607.05,2626.65,2893762
11/19/2020 15:30:00,2637,2676.15,2630.85,2636.9,4167501
11/20/2020 15:30:00,2655,2676,2627.55,2660.25,2711471
11/23/2020 15:30:00,2690,2730,2665,2724.25,3706418
11/24/2020 15:30:00,2734.4,2743,2705,2722.05,3120516
11/25/2020 15:30:00,2729,2732.95,2688.2,2701.3,3302249
11/26/2020 15:30:00,2686,2730.95,2680,2720.6,2341099
11/27/2020 15:30:00,2705,2717.7,2669.05,2679.65,6086808
12-01-2020 15:30,2679,2735.9,2624.45,2726.8,3605017
12-02-2020 15:30,2719,2754.7,2702.45,2749.55,2509032
12-03-2020 15:30,2773.9,2773.9,2700.8,2709.45,2852548
12-04-2020 15:30,2710.8,2738.85,2699,2727.55,2686527
12-07-2020 15:30,2715,2744,2706.15,2737.7,1996400
12-08-2020 15:30,2740,2805.55,2732.45,2797.3,4277818
12-09-2020 15:30,2815,2840,2793.15,2810.8,3659996
12-10-2020 15:30,2818,2827.3,2780.25,2784.3,2127801
12-11-2020 15:30,2792.7,2807.7,2764.55,2783.6,1795408
12/14/2020 15:30:00,2802,2804,2756.25,2797.7,2483658
12/15/2020 15:30:00,2786,2794.7,2755,2761.55,2365509
12/16/2020 15:30:00,2779,2819.8,2760.45,2814.2,2565149
12/17/2020 15:30:00,2811,2853.7,2805,2838.2,2863460
12/18/2020 15:30:00,2868,2898,2846.2,2861,6076692
12/21/2020 15:30:00,2861,2886.5,2785,2820.15,2705195
12/22/2020 15:30:00,2834,2883.65,2818.65,2872.5,2881737
12/23/2020 15:30:00,2876.05,2919,2865.45,2908.75,2790988
12/24/2020 15:30:00,2909,2921.35,2883.2,2909.35,1807144
12/28/2020 15:30:00,2910,2949.7,2902,2929.4,2108994
12/29/2020 15:30:00,2920,2952,2920,2930.5,1994151
12/30/2020 15:30:00,2934.4,2947.7,2902,2909.3,2637968
12/31/2020 15:30:00,2900,2905,2845,2862.75,4040956
01-01-2021 15:30,2880,2940,2879,2928.25,2681440
01-04-2021 15:30,2950,3050.75,2940.95,3039.45,5113293
01-05-2021 15:30,3039.6,3114.25,3039.6,3093,5801309
01-06-2021 15:30,3100,3113.5,3037.2,3051.5,3726716
01-07-2021 15:30,3075,3080.85,3000.25,3032.8,3717827
01-08-2021 15:30,3090,3128,3060,3120.9,5879039
01-11-2021 15:30,3230,3230,3146.55,3176.45,9508039
01-12-2021 15:30,3176.45,3210,3150,3174.85,3611458
1/13/2021 15:30:00,3175,3177,3126.25,3158.95,3572801
1/14/2021 15:30:00,3155,3266.5,3120.4,3250.7,6931542
1/15/2021 15:30:00,3235,3274,3210,3233.35,4131692
1/18/2021 15:30:00,3250,3256.75,3187.4,3221.75,4160906
1/19/2021 15:30:00,3233,3279,3232,3260.7,2975735
1/20/2021 15:30:00,3270,3327.95,3267.1,3308.8,3453446
1/21/2021 15:30:00,3305,3309.15,3262.1,3273.85,2778546
1/22/2021 15:30:00,3241.9,3325,3241.9,3303.1,3052459
1/25/2021 15:30:00,3308.95,3339.8,3278.65,3291.3,2272887
1/27/2021 15:30:00,3300,3306.45,3227,3261.05,2786662
1/28/2021 15:30:00,3230,3275,3183.8,3196.55,3083938
1/29/2021 15:30:00,3210.05,3216.85,3100,3111.35,5445659
02-01-2021 15:30,3100,3165,3044.1,3139.35,3985846
02-02-2021 15:30,3174,3224,3150,3203.45,2881837
02-03-2021 15:30,3213,3236,3162.65,3200.05,2505866
02-04-2021 15:30,3216.05,3237.85,3176,3188.45,2057261
02-05-2021 15:30,3198.95,3205.85,3129,3157.95,2366135
02-08-2021 15:30,3189.5,3226,3155.15,3214.1,2526592
02-09-2021 15:30,3195,3245.8,3164,3176.9,2658751
02-10-2021 15:30,3185,3219.4,3157.3,3213.3,2127983
02-11-2021 15:30,3215,3219.3,3185.05,3206,1165882
02-12-2021 15:30,3184.2,3245.5,3182,3190.8,2777404
2/15/2021 15:30:00,3209,3209,3131.55,3139.85,2630853
2/16/2021 15:30:00,3150,3167.65,3100,3108.8,3435770
2/17/2021 15:30:00,3105.1,3132.85,3045.55,3073.1,3678426
2/18/2021 15:30:00,3065,3097.9,3031,3057.35,4189909
2/19/2021 15:30:00,3058,3087.15,3016.15,3071.85,3725028
2/22/2021 15:30:00,3096,3096,2943.15,2958.45,5366696
2/23/2021 15:30:00,2970,3028,2968,2980.2,3832829
2/24/2021 15:30:00,2972,3003.35,2921.15,2948.1,3774549
2/25/2021 15:30:00,2974,3029.9,2968.45,2995.3,4224073
2/26/2021 15:30:00,2960,2972.35,2880,2894.3,5553153
03-01-2021 15:30,2926,2965,2901.8,2924.2,3265871
03-02-2021 15:30,2960,3025,2948,3006.35,3306469
03-03-2021 15:30,3035,3064,2996.9,3059.1,3509857
03-04-2021 15:30,3023,3081.45,3016.05,3049.7,3916760
03-05-2021 15:30,3016.1,3063.2,2996.6,3008.05,3203686
03-08-2021 15:30,3016,3033,2996,3006.95,2003125
03-09-2021 15:30,3006.95,3066.9,2992.1,3050.95,1942397
03-10-2021 15:30,3075,3093.2,3060,3070.95,3053778
03-12-2021 15:30,3075,3117,3041.35,3057.95,2938317
3/15/2021 15:30:00,3041,3099,3041,3066.15,3097140
3/16/2021 15:30:00,3060,3141,3060,3110.05,4894756
3/17/2021 15:30:00,3105,3155,3085.3,3112.95,3838390
3/18/2021 15:30:00,3125.95,3146.45,2987.05,3036.5,3656306
3/19/2021 15:30:00,3030,3099,3005,3050.2,5776626
3/22/2021 15:30:00,3048.7,3139.45,3018.65,3129.65,2821646
3/23/2021 15:30:00,3140,3169,3122.85,3142.6,3305973
3/24/2021 15:30:00,3111.2,3152.3,3111.15,3121.1,2207104
3/25/2021 15:30:00,3112.2,3130.85,3050,3064.85,3179786
3/26/2021 15:30:00,3090.65,3118,3043.05,3066.8,3697370
3/30/2021 15:30:00,3083,3188.45,3060.9,3158.55,4694261
3/31/2021 15:30:00,3155,3205,3132,3177.85,3530069
04-01-2021 15:30,3191.1,3215,3145,3165,4285076
04-05-2021 15:30,3171,3263,3151,3238.9,5317862
04-06-2021 15:30,3275,3275,3230,3264.7,2291562
04-07-2021 15:30,3259,3277.55,3234.8,3271.4,2491268
04-08-2021 15:30,3270,3335,3266.05,3317.35,2578118
04-09-2021 15:30,3354,3354.35,3308,3322.25,2911129
04-12-2021 15:30,3322.25,3338.1,3213.2,3246.55,3791828
4/13/2021 15:30:00,3214,3214,3073.05,3104.05,8654596
4/15/2021 15:30:00,3160.3,3237.25,3087.45,3218.95,6062760
4/16/2021 15:30:00,3229,3247,3182.6,3195.15,3224657
4/19/2021 15:30:00,3169,3189,3135.1,3161.8,2679106
4/20/2021 15:30:00,3225,3225.35,3126.35,3144.55,3141893
4/22/2021 15:30:00,3148,3148,3105.25,3118.8,1988980
4/23/2021 15:30:00,3105,3119,3091.05,3109.5,1615309
4/26/2021 15:30:00,3102.05,3153,3088.05,3100.8,2490260
4/27/2021 15:30:00,3106,3136.1,3103,3132,1471417
4/28/2021 15:30:00,3149.95,3151,3112,3124.1,1639037
4/29/2021 15:30:00,3145.6,3157.35,3105.5,3115.25,1621395
4/30/2021 15:30:00,3099,3132.05,3020,3035.65,3072305
05-03-2021 15:30,3024.9,3055,3004,3037,1545831
05-04-2021 15:30,3062.8,3090,3035,3049.75,1990777
05-05-2021 15:30,3070,3099.4,3052.4,3095.7,1939289
05-06-2021 15:30,3105.5,3134,3074,3111.45,1791671
05-07-2021 15:30,3133,3159.85,3111.8,3132.9,1912540
05-10-2021 15:30,3145.95,3164.2,3125,3145.5,2137153
05-11-2021 15:30,3125,3128.1,3091.15,3122.6,2415625
05-12-2021 15:30,3120,3120,3070.6,3087.6,1978558
5/14/2021 15:30:00,3098.5,3098.5,3040,3051.5,2043935
5/17/2021 15:30:00,3055,3075.2,3036,3069.75,2890462
5/18/2021 15:30:00,3100,3124,3078,3088.8,2098538
5/19/2021 15:30:00,3084,3118,3067.1,3082,1986041
5/20/2021 15:30:00,3067.1,3088.8,3052.1,3060,2329027
5/21/2021 15:30:00,3061,3088.2,3055.1,3080.5,1685566
5/24/2021 15:30:00,3081.5,3105,3072,3081.5,1652260
5/25/2021 15:30:00,3092,3128.25,3082.1,3114,1841613
5/26/2021 15:30:00,3120,3165,3103.8,3158.5,1923753
5/27/2021 15:30:00,3161.95,3217.75,3161.8,3180,5959785
5/28/2021 15:30:00,3189.5,3198,3135.65,3143.6,1763701
5/31/2021 15:30:00,3150,3170.35,3128.6,3159.15,1652799
06-01-2021 15:30,3168.6,3169.95,3132,3153,1377441
06-02-2021 15:30,3150.85,3159.45,3115,3129.45,2240078
06-03-2021 15:30,3154.55,3154.55,3122.65,3141.25,1281706
06-04-2021 15:30,3128,3156.85,3125,3143.75,1836060
06-07-2021 15:30,3145,3190.45,3133.6,3183.2,2559821
06-08-2021 15:30,3198,3231,3187.2,3200.15,2574057
06-09-2021 15:30,3202,3220,3186.2,3200.25,1710925
06-10-2021 15:30,3210,3224,3193,3216.8,1874324
06-11-2021 15:30,3211.55,3309,3211,3273.8,3452954
6/14/2021 15:30:00,3279,3308.7,3270.35,3276.35,1847360
6/15/2021 15:30:00,3298,3298,3251.55,3262.75,1304985
6/16/2021 15:30:00,3262.1,3294.7,3253,3274.35,1635552
6/17/2021 15:30:00,3265.5,3336.05,3260,3317.75,2273413
6/18/2021 15:30:00,3350.9,3358,3275,3297.3,3380431
6/21/2021 15:30:00,3265,3286,3251.7,3273.1,1130569
6/22/2021 15:30:00,3304,3327.05,3285,3301.2,1708688
6/23/2021 15:30:00,3329,3329,3256.4,3261.4,1467104
6/24/2021 15:30:00,3284,3383,3278.5,3373.6,4155204
6/25/2021 15:30:00,3375.25,3399.65,3350,3380.8,2722861
6/28/2021 15:30:00,3391.5,3391.5,3333,3336.75,1355238
6/29/2021 15:30:00,3342,3366.3,3326.5,3340.85,1497322
6/30/2021 15:30:00,3346,3382,3338.5,3345.75,1693146
07-01-2021 15:30,3358,3362,3332.35,3341.5,990310
07-02-2021 15:30,3331,3339.7,3295.2,3325.45,1682274
07-05-2021 15:30,3342,3374,3302,3321,1972858
07-06-2021 15:30,3313,3328,3256.1,3262.3,2159420
07-07-2021 15:30,3275,3282.7,3241.6,3274.95,2640710
07-08-2021 15:30,3298,3298,3231.9,3258.5,2485811
07-09-2021 15:30,3250,3282,3201,3208.15,6365067
07-12-2021 15:30,3235,3236,3188.35,3193.1,1892226
7/13/2021 15:30:00,3214,3214,3175,3187.55,1809339
7/14/2021 15:30:00,3187,3222,3185,3214.55,2044279
7/15/2021 15:30:00,3227.6,3231.85,3194,3202.95,2232968
7/16/2021 15:30:00,3213,3219.85,3192,3194.8,1256526
7/19/2021 15:30:00,3180,3199.8,3176,3184.6,1597058
7/20/2021 15:30:00,3184.6,3215,3156.15,3205.8,1811945
7/22/2021 15:30:00,3190,3224.95,3190,3216.35,2859334
7/23/2021 15:30:00,3230,3241.55,3206.65,3212.85,1776193
7/26/2021 15:30:00,3200,3224.25,3190.85,3197.55,1259611
7/27/2021 15:30:00,3200,3210,3161.15,3182.95,1121367
7/28/2021 15:30:00,3188,3204.45,3132.4,3197.8,1660654
7/29/2021 15:30:00,3200.25,3225.45,3190.3,3195.8,1731997
7/30/2021 15:30:00,3219,3223.5,3162.35,3167.45,2999943
08-02-2021 15:30,3180,3224.9,3167,3219.4,2608669
08-03-2021 15:30,3229,3290,3218.95,3284.9,3804735
08-04-2021 15:30,3300,3305.2,3261.2,3273.95,2929598
08-05-2021 15:30,3275,3315,3262.5,3283.95,2534521
08-06-2021 15:30,3272.55,3324,3265,3309.8,2292362
08-09-2021 15:30,3323.9,3337,3310,3322.7,1510489
08-10-2021 15:30,3315.6,3349.9,3315.6,3333.9,2040777
08-11-2021 15:30,3350,3360,3327.1,3344.2,1929707
08-12-2021 15:30,3326,3368,3326,3351.75,1310205
8/13/2021 15:30:00,3360.75,3480,3357.5,3463.4,4363584
8/16/2021 15:30:00,3460,3494.35,3436.5,3472.95,2083489
8/17/2021 15:30:00,3482.1,3560.8,3463,3553.05,4336019
8/18/2021 15:30:00,3573.85,3595,3536.6,3560.55,2631309
8/20/2021 15:30:00,3506,3575,3500,3559.5,2836148
8/23/2021 15:30:00,3580,3673,3561.9,3637.4,3744176
8/24/2021 15:30:00,3657,3667.35,3594.4,3613.2,2511141
8/25/2021 15:30:00,3610,3697.75,3607.05,3659,2123263
8/26/2021 15:30:00,3660,3687.6,3647.9,3671.85,1902533
8/27/2021 15:30:00,3666,3729.5,3651.1,3720.15,3944728
8/30/2021 15:30:00,3715,3740.35,3687.6,3701.3,2033114
8/31/2021 15:30:00,3709.4,3804.1,3703.45,3786.45,3207480
09-01-2021 15:30,3796,3816.7,3707,3714.95,2643336
09-02-2021 15:30,3734,3859.15,3722,3836.75,3403717
09-03-2021 15:30,3825,3856.9,3804.55,3842.05,1746812
09-06-2021 15:30,3849.7,3877.6,3814,3852,1723693
09-07-2021 15:30,3864,3869.95,3808.25,3815.9,1585039
09-08-2021 15:30,3810,3815,3756,3774.15,4147175
09-09-2021 15:30,3789.7,3808.7,3765,3791.4,1441148
9/13/2021 15:30:00,3767,3852.4,3767,3845.35,1691473
9/14/2021 15:30:00,3849.95,3896.5,3825,3885.9,1991188
9/15/2021 15:30:00,3882.1,3980,3866,3954.55,2461369
9/16/2021 15:30:00,3930,3981.75,3892.1,3903.3,2946666
9/17/2021 15:30:00,3920,3945,3805,3827.85,6477148
9/20/2021 15:30:00,3809,3871,3807.85,3823.5,2002008
9/21/2021 15:30:00,3858,3871.55,3821.65,3862.95,1568129
9/22/2021 15:30:00,3862.5,3896.85,3852.45,3862.15,1744067
9/23/2021 15:30:00,3870,3879,3835,3869.25,2003869
9/24/2021 15:30:00,3890,3944.4,3855,3871.3,2320754
9/27/2021 15:30:00,3900,3904,3802.9,3836.95,1673362
9/28/2021 15:30:00,3850,3850,3751.25,3779.15,2253075
9/29/2021 15:30:00,3759.8,3806,3722.15,3791.9,2489161
9/30/2021 15:30:00,3805,3805,3750.1,3775.55,2252412
10-01-2021 15:30,3781.75,3810,3725,3730.2,1578374
10-04-2021 15:30,3724.8,3783.65,3707.45,3773.3,1356860
10-05-2021 15:30,3754,3840,3741.6,3833.3,1877966
10-06-2021 15:30,3836,3857.45,3795,3810.9,1678154
10-07-2021 15:30,3830,3899,3820.05,3892.9,1647233
10-08-2021 15:30,3925,3989.9,3900,3935.65,2934339
10-11-2021 15:30,3755,3757.5,3660,3685.6,11845402
10-12-2021 15:30,3706,3707,3630.6,3652.85,5752877
10/13/2021 15:30:00,3650,3675.45,3645,3655.2,3545655
10/14/2021 15:30:00,3625,3670,3608.2,3611.45,6442299
10/18/2021 15:30:00,3603.45,3652.7,3601.45,3647.15,3590107
10/19/2021 15:30:00,3669,3690.1,3625.2,3634.15,3135441
10/20/2021 15:30:00,3612,3630,3578.3,3608.85,2933693
10/21/2021 15:30:00,3604.1,3607.45,3511.25,3532.5,4871211
10/22/2021 15:30:00,3560,3561.6,3485,3498.85,2691670
10/25/2021 15:30:00,3503,3514.55,3450,3492.95,2595594
10/26/2021 15:30:00,3494.5,3529,3475,3482.6,3878763
10/27/2021 15:30:00,3483,3511.25,3483,3489.75,2510813
10/28/2021 15:30:00,3518,3518,3415,3421.65,2424942
10/29/2021 15:30:00,3400.05,3461,3385.95,3397.75,3960501
11-01-2021 15:30,3437.95,3487,3412.95,3476.4,2020718
11-02-2021 15:30,3494,3513.6,3469.75,3484.2,3087414
11-03-2021 15:30,3504.2,3519.9,3466.05,3492.25,1537639
11-04-2021 19:15,3512.95,3513.25,3505,3508.65,328991
11-08-2021 15:30,3548,3548,3481.2,3502.75,2526082
11-09-2021 15:30,3508,3535,3496,3505.7,1782692
11-10-2021 15:30,3498,3519.7,3480.2,3484.3,1516489
11-11-2021 15:30,3480,3510.05,3436,3488.2,1284514
11-12-2021 15:30,3506,3534.15,3485.7,3526.05,1747259
11/15/2021 15:30:00,3528,3569.6,3528,3553.3,1809157
11/16/2021 15:30:00,3569,3575.55,3542,3556.4,2013204
11/17/2021 15:30:00,3550.6,3562.85,3506.4,3521.9,1632914
11/18/2021 15:30:00,3515.15,3520.85,3451.6,3475.7,2136598
11/22/2021 15:30:00,3478.4,3515.95,3440.3,3458.4,3167936
11/23/2021 15:30:00,3445,3480.95,3407.8,3464.25,2153461
11/24/2021 15:30:00,3472.2,3493.05,3424,3443.3,2161746
11/25/2021 15:30:00,3443.9,3463,3434.05,3445.9,1849619
11/26/2021 15:30:00,3425,3490,3411.9,3446.85,1941251
11/29/2021 15:30:00,3447.15,3529.35,3406.45,3502,2981745
11/30/2021 15:30:00,3491,3563.75,3491,3529.15,5588446
12-01-2021 15:30,3535,3590,3535,3577.8,2102118
12-02-2021 15:30,3589.2,3648,3574.1,3642.9,3152938
12-03-2021 15:30,3646.45,3665.95,3630.85,3640.45,2486263
12-06-2021 15:30,3640.45,3658,3522,3536.4,1849642
12-07-2021 15:30,3562.5,3598,3524.3,3584.5,1484458
12-08-2021 15:30,3601,3646.45,3601,3626.9,1428660
12-09-2021 15:30,3610,3634.75,3566,3601.75,1567957
12-10-2021 15:30,3585,3642,3575.1,3636.8,1510718
12/13/2021 15:30:00,3650,3662,3601.7,3609.65,1883864
12/14/2021 15:30:00,3605,3635,3576.7,3623.8,1747007
12/15/2021 15:30:00,3620,3623,3558.15,3570.35,1603233
12/16/2021 15:30:00,3582,3608.45,3570,3581.6,2072320
12/17/2021 15:30:00,3602.5,3651.35,3573.7,3584.35,4333992
12/20/2021 15:30:00,3589,3606,3510.15,3556.9,2312310
12/21/2021 15:30:00,3582.65,3641.2,3566.4,3608.3,2340989
12/22/2021 15:30:00,3624,3636.8,3606.25,3630.75,1224328
12/23/2021 15:30:00,3648,3670.5,3630,3662.7,1792861
12/24/2021 15:30:00,3685,3705,3644.8,3670.9,2209923
12/27/2021 15:30:00,3671,3700,3653.1,3696.1,1534135
12/28/2021 15:30:00,3710,3725,3693.85,3706.55,1456218
12/29/2021 15:30:00,3692.25,3719.95,3685,3694.7,1456923
12/30/2021 15:30:00,3681.35,3740,3680,3733.75,1966475
12/31/2021 15:30:00,3742.8,3760,3731.3,3738.35,1207141
01-03-2022 15:30,3750,3830,3745,3817.75,2346158
01-04-2022 15:30,3831.1,3889.15,3811.7,3884.75,2488606
01-05-2022 15:30,3865,3870,3812.4,3860.95,1733031
01-06-2022 15:30,3812,3835,3772,3807.45,1810293
01-07-2022 15:30,3820,3864.9,3796.4,3853.5,2460591
01-10-2022 15:30,3978,3978,3861,3879.85,3937092
01-11-2022 15:30,3856,3925,3856,3915.9,1906106
01-12-2022 15:30,3925,3929,3836.55,3859.9,3203744
1/13/2022 15:30:00,3918,3923,3857,3897.9,6684507
1/14/2022 15:30:00,3877.85,3977,3860.05,3968.15,3348123
1/17/2022 15:30:00,3992.7,4043,3962.3,4019.15,3442604
1/18/2022 15:30:00,4033.95,4041.7,3980,3990.6,2389041
1/19/2022 15:30:00,4012,4012,3910.5,3914.65,3102539
1/20/2022 15:30:00,3910,3920,3811,3826.55,6176776
1/21/2022 15:30:00,3807,3851.55,3771.1,3833.5,3112358
1/24/2022 15:30:00,3840,3849.65,3740.1,3771.35,3258414
1/25/2022 15:30:00,3769.5,3809.4,3722.2,3769.9,3330501
1/27/2022 15:30:00,3731,3733.4,3625.1,3649.25,5718297
1/28/2022 15:30:00,3646,3729.8,3646,3690.05,3143862
1/31/2022 15:30:00,3749,3758,3721.4,3736.25,2739393
02-01-2022 15:30,3770,3808,3736.4,3800.65,2105169
02-02-2022 15:30,3827.9,3864,3800.65,3856.2,1984212
02-03-2022 15:30,3851,3882.5,3816.05,3824.6,1960538
02-04-2022 15:30,3815.3,3824.7,3769,3814.9,2307366
02-07-2022 15:30,3791,3831.8,3756.15,3779,1919149
02-08-2022 15:30,3791.55,3799.7,3721,3743.45,2946443
02-09-2022 15:30,3750,3777.95,3746.1,3760.55,1638721
02-10-2022 15:30,3789.8,3789.8,3758,3770.35,2112459
02-11-2022 15:30,3752.5,3752.5,3690,3694.95,3851488
2/14/2022 15:30:00,3724,3793.25,3710,3733.75,5951745
2/15/2022 15:30:00,3786,3835,3748,3817.8,3931683
2/16/2022 15:30:00,3844,3854.1,3806,3813.1,3256906
2/17/2022 15:30:00,3825,3835,3779,3784.2,3134372
2/18/2022 15:30:00,3769,3815.95,3757.6,3793.9,3688883
2/21/2022 15:30:00,3810,3827.8,3705.55,3719.4,7465922
2/22/2022 15:30:00,3650,3667.9,3570,3586.4,5408531
2/23/2022 15:30:00,3611,3622.9,3555.65,3563.8,2426203
2/24/2022 15:30:00,3474,3483.85,3391.1,3401.65,5039136
2/25/2022 15:30:00,3468,3530,3462,3520.75,2549723
2/28/2022 15:30:00,3490,3563.75,3455.9,3554.2,3288942
03-02-2022 15:30,3552.5,3571.95,3506,3546.15,2761341
03-03-2022 15:30,3562.85,3578.6,3530.1,3544.4,1928039
03-04-2022 15:30,3501.5,3561.2,3487.05,3524.35,2370257
03-07-2022 15:30,3450,3548,3431.55,3484.9,3054130
03-08-2022 15:30,3460,3609,3460,3599.95,3300992
03-09-2022 15:30,3605,3654,3597.05,3632.6,2719654
03-10-2022 15:30,3684,3684,3615,3620.95,2005441
03-11-2022 15:30,3603.25,3639.85,3592.85,3599.15,1623423
3/14/2022 15:30:00,3580,3648.35,3580,3643,1765688
3/15/2022 15:30:00,3659,3659,3585.4,3593.9,3651133
3/16/2022 15:30:00,3640.5,3668,3616.25,3655.9,3090475
3/17/2022 15:30:00,3696.6,3710,3660.3,3672.75,3600452
3/21/2022 15:30:00,3696,3713.95,3615,3626.7,2413831
3/22/2022 15:30:00,3640,3711,3625,3700.95,2907611
3/23/2022 15:30:00,3708,3729.8,3690,3712.4,1596195
3/24/2022 15:30:00,3700,3758.2,3695,3749.85,1879046
3/25/2022 15:30:00,3759.9,3779.5,3672,3707.45,1690133
3/28/2022 15:30:00,3695,3713,3661.2,3707.7,1760990
3/29/2022 15:30:00,3694.75,3722,3691,3705.35,2689063
3/30/2022 15:30:00,3738,3738,3706.2,3731.55,1583455
3/31/2022 15:30:00,3740,3754.65,3720.2,3739.95,2168110
04-01-2022 15:30,3748,3763,3728.05,3758.75,1387014
04-04-2022 15:30,3762,3780,3737.1,3770.35,1472994
04-05-2022 15:30,3772,3835.6,3772,3814.8,2314947
04-06-2022 15:30,3809.3,3809.3,3731.15,3755.35,2051729
04-07-2022 15:30,3745.5,3745.5,3679,3684.15,2494829
04-08-2022 15:30,3690,3705,3642.5,3685.65,2296773
04-11-2022 15:30,3690,3712.35,3656.1,3696.4,2291660
04-12-2022 15:30,3683,3739,3648.35,3691.1,4483476
4/13/2022 15:30:00,3707,3709.85,3655.55,3661.95,1621672
4/18/2022 15:30:00,3610,3610,3522.5,3528.05,3820792
4/19/2022 15:30:00,3550,3563.55,3439.15,3471.9,3170014
4/20/2022 15:30:00,3500,3569.15,3480,3556.8,2640370
4/21/2022 15:30:00,3580,3644,3567.4,3628.65,2280996
4/22/2022 15:30:00,3581.1,3617,3571.5,3612.55,1581465
4/25/2022 15:30:00,3558,3584,3533.1,3548.2,1960694
4/26/2022 15:30:00,3575.15,3587.9,3518.15,3546.3,1943469
4/27/2022 15:30:00,3546,3568.45,3506.3,3561.2,1727648
4/28/2022 15:30:00,3588,3604.4,3538.05,3584.3,1703660
4/29/2022 15:30:00,3597,3623.25,3536.85,3546.7,2051115
05-02-2022 15:30,3519.9,3547.95,3492.75,3542.4,1324161
05-04-2022 15:30,3538.5,3545.45,3465.3,3479.75,2305825
05-05-2022 15:30,3512.1,3533,3485.35,3513.4,1612262
05-06-2022 15:30,3459,3474.5,3424.5,3432.6,2010812
05-09-2022 15:30,3398,3456,3346.85,3445.1,2481830
05-10-2022 15:30,3434,3464.8,3422,3438.75,1622685
05-11-2022 15:30,3435,3448.45,3382.15,3412,1841769
05-12-2022 15:30,3378,3449.7,3350.1,3408.65,2807195
5/13/2022 15:30:00,3435,3439.9,3382.15,3414.9,2187823
5/16/2022 15:30:00,3415,3430,3366.6,3376.8,1195813
5/17/2022 15:30:00,3370,3467,3350.4,3451.6,1754076
5/18/2022 15:30:00,3465,3495,3443.05,3448.8,1866781
5/19/2022 15:30:00,3397,3405,3230,3261.95,4642963
5/20/2022 15:30:00,3310,3313.9,3270.05,3293,3065125
5/23/2022 15:30:00,3304.8,3338.9,3267,3321.75,2293690
5/24/2022 15:30:00,3315.15,3324.85,3275.6,3288,1711510
5/25/2022 15:30:00,3292.85,3292.85,3154.05,3167.65,3548046
5/26/2022 15:30:00,3191,3241.5,3180.55,3226.95,2813186
5/27/2022 15:30:00,3253.2,3278.9,3229.2,3261.3,3103153
5/30/2022 15:30:00,3297,3386.6,3286.35,3375.25,2094624
5/31/2022 15:30:00,3354.15,3383.4,3325,3364.35,4840965
06-01-2022 15:30,3388,3388,3340.05,3355.2,1493835
06-02-2022 15:30,3355,3432,3346.3,3423,2657939
06-03-2022 15:30,3459.4,3477.3,3431.2,3440.15,1913622
06-06-2022 15:30,3418,3453,3377.15,3430.95,1084210
06-07-2022 15:30,3401.05,3418.85,3356,3362.7,2308256
06-08-2022 15:30,3380.15,3413.95,3346.5,3404.15,2185707
06-09-2022 15:30,3385,3437,3353.1,3427.1,1279197
06-10-2022 15:30,3382,3393,3352,3359.9,1527582
6/13/2022 15:30:00,3290,3293,3192.45,3219.6,3030921
6/14/2022 15:30:00,3190,3238.9,3174.7,3210.55,2611493
6/15/2022 15:30:00,3218.5,3234,3201,3206.3,1404536
6/16/2022 15:30:00,3240,3244.85,3133.05,3142,2032028
6/17/2022 15:30:00,3092,3118.75,3023.85,3088.9,5240434
6/20/2022 15:30:00,3094,3138.75,3069,3112.4,1502769
6/21/2022 15:30:00,3130,3237.75,3125.4,3211.95,2964461
6/22/2022 15:30:00,3199.9,3250.55,3183,3222.95,3336315
6/23/2022 15:30:00,3222.95,3318,3222.95,3308.8,3692578
6/24/2022 15:30:00,3339,3345,3277.5,3293.1,2132118
6/27/2022 15:30:00,3350,3362.9,3306.5,3314.7,2037686
6/28/2022 15:30:00,3307,3330,3272.6,3318.15,1400046
6/29/2022 15:30:00,3271,3333,3271,3290.5,2133994
6/30/2022 15:30:00,3272,3310.9,3255,3267.1,2719603
07-01-2022 15:30,3260,3333,3252.05,3315.1,1502879
07-04-2022 15:30,3312,3317.95,3225.05,3235.05,2622535
07-05-2022 15:30,3255,3272,3206.95,3216.3,2170627
07-06-2022 15:30,3218.5,3268.5,3202.25,3260.75,2182144
07-07-2022 15:30,3271,3319.4,3265.05,3287.85,1989921
07-08-2022 15:30,3300,3305,3250,3265.45,2136916
07-11-2022 15:30,3206.15,3225,3106,3113.8,6974600
07-12-2022 15:30,3114.9,3136.2,3080.25,3084.7,3734815
7/13/2022 15:30:00,3104,3110,3035,3038.75,3863530
7/14/2022 15:30:00,3056,3057,2967,2998.75,4764908
7/15/2022 15:30:00,3018.55,3028.9,2953,2994.6,4574806
7/18/2022 15:30:00,3023,3076.95,3014.3,3063.5,3202795
7/19/2022 15:30:00,3030.05,3078.95,3030.05,3074.25,1865074
7/20/2022 15:30:00,3107.8,3171.95,3098.05,3164.8,3402251
7/21/2022 15:30:00,3167,3184,3144.05,3177.3,2420640
7/22/2022 15:30:00,3185,3197,3143.5,3171,2075886
7/25/2022 15:30:00,3165,3186.45,3149.1,3166.75,1797504
7/26/2022 15:30:00,3164.7,3168.9,3096.5,3115.9,2639367
7/27/2022 15:30:00,3115,3194.1,3110,3188.85,1389808
7/28/2022 15:30:00,3216,3264,3201.65,3260.5,2106333
7/29/2022 15:30:00,3290,3317.3,3275,3301.9,2430257
08-01-2022 15:30,3327,3327,3271,3298.8,1306913
08-02-2022 15:30,3290,3312.9,3271.65,3291.8,1269114
08-03-2022 15:30,3280,3349,3277.05,3339.5,2895824
08-04-2022 15:30,3350,3387.9,3307.35,3354.95,2150567
08-05-2022 15:30,3361.2,3377,3355,3365.05,1106933
08-08-2022 15:30,3365,3378.9,3336,3374.45,1068836
08-10-2022 15:30,3385,3385,3335,3354.25,1878359
08-11-2022 15:30,3400,3428.7,3375.05,3422.5,1449248
08-12-2022 15:30,3419,3419,3381.25,3401.55,1472354
8/16/2022 15:30:00,3411,3414.85,3387.5,3392.7,839942
8/17/2022 15:30:00,3385.1,3417.95,3371.1,3401.1,1622326
8/18/2022 15:30:00,3390,3392,3362,3381.25,1430659
8/19/2022 15:30:00,3387,3421.5,3371.25,3385.75,1398410
8/22/2022 15:30:00,3365,3384.1,3347.4,3354.55,1536532
8/23/2022 15:30:00,3319.95,3341.9,3270,3284.6,1849256
8/24/2022 15:30:00,3292,3308,3250.2,3255.35,1691923
8/25/2022 15:30:00,3276,3278.15,3214.75,3218.2,1946930
8/26/2022 15:30:00,3234.3,3257,3216.8,3222.2,1457962
8/29/2022 15:30:00,3125,3142.7,3081,3132.55,2539173
8/30/2022 15:30:00,3155,3226.5,3142.1,3211.15,3431525
09-01-2022 15:30,3190,3190,3121,3131.7,3546935
09-02-2022 15:30,3163,3163,3120.3,3130.4,2052900
09-05-2022 15:30,3123.65,3147.95,3112.25,3133.4,2147912
09-06-2022 15:30,3135.5,3140.85,3106.35,3127.05,1936453
09-07-2022 15:30,3102,3161.9,3102,3149.6,1291534
09-08-2022 15:30,3170,3183.5,3160.1,3169.65,1346113
09-09-2022 15:30,3195,3233.5,3168.5,3217.65,1561185
09-12-2022 15:30,3239.9,3269.8,3225,3242.95,1785928
9/13/2022 15:30:00,3263.45,3263.45,3225,3229.35,1972678
9/14/2022 15:30:00,3135,3141.4,3113.8,3120.4,5090269
9/15/2022 15:30:00,3130,3137.75,3100,3104.35,2138023
9/16/2022 15:30:00,3076,3094.35,3000,3008.7,5322221
9/19/2022 15:30:00,3036,3042,2987.8,3028.8,2072220
9/20/2022 15:30:00,3050,3079.95,3030,3040.3,1544295
9/21/2022 15:30:00,3028,3041.4,2998.15,3001.2,2253818
9/22/2022 15:30:00,2990,3029.95,2979.3,3007.4,2017983
9/23/2022 15:30:00,3004,3022.5,2979,2982.05,2652374
9/26/2022 15:30:00,2959.85,3025.85,2926.1,2994.4,2925489
9/27/2022 15:30:00,3009.4,3025,2976,3017.45,2227447
9/28/2022 15:30:00,2980,3049.95,2980,3035.65,2739767
9/29/2022 15:30:00,3054,3055.85,2990,2997.3,2493902
9/30/2022 15:30:00,2990.85,3019.7,2950.1,3004.55,2817353
10-03-2022 15:30,2995,3020.7,2974,2984.95,1763331
10-04-2022 15:30,3029.95,3098,3023,3091.15,2145875
10-06-2022 15:30,3111,3124,3092.45,3101.95,1790816
10-07-2022 15:30,3097.4,3105,3058.1,3064.9,1939879
10-10-2022 15:30,3010,3127,3005,3118.55,3064063
10-11-2022 15:30,3100,3145,3053.35,3069.55,4730645
10-12-2022 15:30,3084.9,3109.9,3062.05,3100.75,1665247
10/13/2022 15:30:00,3100.75,3110,3052.35,3103.3,2054781
10/14/2022 15:30:00,3145,3150,3071,3099.15,2245977
10/17/2022 15:30:00,3072.65,3128.4,3071.45,3111.75,1517005
10/18/2022 15:30:00,3150,3155.35,3128.55,3144.7,1793722
10/19/2022 15:30:00,3159,3159,3112,3121.85,1194289
10/20/2022 15:30:00,3105,3160,3105,3157.3,1587601
10/21/2022 15:30:00,3157.8,3160.4,3127,3137.4,1021913
10/25/2022 15:30:00,3180.5,3184.25,3151.15,3162.1,2069643
10/27/2022 15:30:00,3160.7,3174,3134.35,3157.4,2438421
10/28/2022 15:30:00,3150,3178.5,3145,3163.25,1355739
10/31/2022 15:30:00,3199,3199,3177.8,3193.15,1919414
11-01-2022 15:30,3214.5,3262.6,3203.45,3259.7,2991060
11-02-2022 15:30,3270,3270,3222.05,3241.7,1405955
11-03-2022 15:30,3228.05,3228.05,3195,3206.75,1422652
11-04-2022 15:30,3217,3220.05,3166.15,3217.4,1464013
11-07-2022 15:30,3229,3242.8,3195.1,3233.7,1474498
11-09-2022 15:30,3249.8,3249.8,3201.65,3216.05,1162267
11-10-2022 15:30,3170,3225,3170,3205.65,1573092
11-11-2022 15:30,3269.6,3341.6,3255.05,3315.95,3265394
11/14/2022 15:30:00,3324,3349,3309,3335.5,1342074
11/15/2022 15:30:00,3321,3339.95,3292,3332.6,1400708
11/16/2022 15:30:00,3338.9,3367.9,3321.45,3355.35,1748235
11/17/2022 15:30:00,3340,3360,3317.75,3349,1417986
11/18/2022 15:30:00,3350,3362.75,3321,3343.45,1164540
11/21/2022 15:30:00,3322.5,3333.7,3273,3283.5,1304194
11/22/2022 15:30:00,3280,3318.95,3255.25,3314.95,1149739
11/23/2022 15:30:00,3330,3330,3291,3308.3,1150011
11/24/2022 15:30:00,3316.25,3392.95,3308.3,3380.15,1296591
11/25/2022 15:30:00,3383,3403.35,3348,3389.65,1588981
11/28/2022 15:30:00,3366,3417,3365.55,3395.25,2195437
11/29/2022 15:30:00,3383,3429,3383,3397.35,1576028
11/30/2022 15:30:00,3383,3414.9,3375,3390.8,3410702
12-01-2022 15:30,3425,3480,3420,3475.65,2180856
12-02-2022 15:30,3458.1,3468.9,3413,3439.15,2411749
12-05-2022 15:30,3433,3439.15,3407,3425.9,1475065
12-06-2022 15:30,3400.05,3407.95,3368,3385.35,1166999
12-07-2022 15:30,3368.3,3393.7,3354,3380.6,1167505
12-08-2022 15:30,3360,3380.6,3339.45,3350.55,1285619
12-09-2022 15:30,3374.1,3374.1,3276.35,3292.75,1797896
12-12-2022 15:30,3255.5,3296,3236.1,3286.45,1527610
12/13/2022 15:30:00,3277.2,3336.45,3267.8,3332.1,1378016
12/14/2022 15:30:00,3348.8,3377,3340.9,3365.35,1213311
12/15/2022 15:30:00,3358.8,3364.75,3298.95,3305.1,1415694
12/16/2022 15:30:00,3275,3292,3225.2,3240.25,2703680
12/19/2022 15:30:00,3227,3245.5,3194.5,3202.05,2120965
12/20/2022 15:30:00,3198.9,3249,3163.65,3243.95,1529971
12/21/2022 15:30:00,3249,3283.05,3240,3268.55,1432566
12/22/2022 15:30:00,3294,3294,3245.1,3259.7,1384101
12/23/2022 15:30:00,3217,3266.85,3217,3228.35,1360281
12/26/2022 15:30:00,3228.35,3272,3225.05,3252.9,870157
12/27/2022 15:30:00,3269.2,3273.8,3231.5,3259.5,835883
12/28/2022 15:30:00,3249.8,3266.1,3226,3257.1,910795
12/29/2022 15:30:00,3231.1,3271.5,3228,3268.75,1037927
12/30/2022 15:30:00,3286.05,3299,3246.2,3256.7,1163131
01-02-2023 15:30,3261,3266.85,3235.2,3261.45,709547
01-03-2023 15:30,3252,3320,3245.3,3311.35,1245178
01-04-2023 15:30,3306.7,3327.35,3286.2,3314.65,1231668
01-05-2023 15:30,3330.2,3337.3,3281.95,3311.1,1826057
01-06-2023 15:30,3300,3301.55,3200,3211.55,2488376
01-09-2023 15:30,3229,3327,3221.15,3319.95,2885060
01-10-2023 15:30,3285,3298,3230.1,3286.4,3864655
01-11-2023 15:30,3290.1,3349.5,3271.15,3328.7,2720512
01-12-2023 15:30,3329,3350,3315.55,3334.35,2250391
1/13/2023 15:30:00,3342.9,3379,3305,3374.55,1742837
1/16/2023 15:30:00,3317,3353,3298.05,3334.05,1843607
1/17/2023 15:30:00,3330,3381.8,3321,3378.4,1688475
1/18/2023 15:30:00,3380,3408.95,3372.25,3390,2421189
1/19/2023 15:30:00,3380,3387,3361,3373.1,1585044
1/20/2023 15:30:00,3365,3394.65,3355.6,3363.1,1529349
1/23/2023 15:30:00,3388,3419,3355.6,3414.9,1067916
1/24/2023 15:30:00,3425,3451.95,3417.3,3436.3,1387863
1/25/2023 15:30:00,3425.3,3435,3405,3429.75,874110
1/27/2023 15:30:00,3426,3446,3382.3,3411.05,1785879
1/30/2023 15:30:00,3420,3458.45,3385.55,3433.65,1953798
1/31/2023 15:30:00,3449,3449,3351,3358.7,2820375
02-01-2023 15:30,3363,3419,3355,3408.35,2205161
02-02-2023 15:30,3427,3469,3420.1,3460.4,1813847
02-03-2023 15:30,3504,3504,3452.9,3482.3,1804469
02-06-2023 15:30,3473.15,3473.15,3436.85,3459.95,1138714
02-07-2023 15:30,3468.9,3493,3461.4,3472.55,1455647
02-08-2023 15:30,3478.05,3539.9,3478.05,3520.1,1986946
02-09-2023 15:30,3515,3547.6,3505.3,3540.85,1655427
02-10-2023 15:30,3520,3542.35,3508.15,3537.55,1187821
2/13/2023 15:30:00,3549,3549,3473.4,3482.4,1087939
2/14/2023 15:30:00,3505,3524.85,3495,3500.1,1579818
2/15/2023 15:30:00,3487,3526,3460.15,3520.65,1429449
2/16/2023 15:30:00,3527.2,3575,3527,3558.05,1618931
2/17/2023 15:30:00,3526.15,3538.9,3490,3501.15,1061369
2/20/2023 15:30:00,3502,3522,3475.05,3487.3,1296082
2/21/2023 15:30:00,3494,3508.9,3444.75,3451,1139541
2/22/2023 15:30:00,3414.95,3447,3395,3401.55,1218430
2/23/2023 15:30:00,3421,3452.4,3408,3413.8,1441570
2/24/2023 15:30:00,3422.5,3433.95,3382.3,3400.45,977592
2/27/2023 15:30:00,3390,3390,3316,3331.85,1128022
2/28/2023 15:30:00,3328.5,3392,3299.9,3312.85,4116217
03-01-2023 15:30,3323,3389,3315,3385.7,1669307
03-02-2023 15:30,3361,3369.9,3318,3321.45,1556538
03-03-2023 15:30,3354,3358,3331.1,3342.15,1043190
03-06-2023 15:30,3361.9,3404.95,3359,3371.85,1334132
03-08-2023 15:30,3364,3396,3330.85,3390.4,1844590
03-09-2023 15:30,3385,3385,3330.85,3336.85,1648500
03-10-2023 15:30,3312.9,3337.25,3290,3331,1024404
3/13/2023 15:30:00,3333,3369.8,3272,3281.95,1901233
3/14/2023 15:30:00,3280,3304.4,3209.4,3214.95,2670334
3/15/2023 15:30:00,3250,3260.35,3192,3198.9,1780522
3/16/2023 15:30:00,3208,3219.8,3172,3185,1901060
3/17/2023 15:30:00,3150.5,3221.4,3144,3179.3,6739966
3/20/2023 15:30:00,3169.65,3169.65,3095.05,3143.3,2289468
3/21/2023 15:30:00,3143.3,3156.75,3097.45,3106.1,1815297
3/22/2023 15:30:00,3130.05,3143.5,3106.1,3130.8,1123939
3/23/2023 15:30:00,3114.9,3146.35,3101,3124.65,1372218
3/24/2023 15:30:00,3148.9,3170,3106,3120.5,1329577
3/27/2023 15:30:00,3135,3152.75,3106,3122.3,1524217
3/28/2023 15:30:00,3127,3149.55,3110.15,3115.9,1303530
3/29/2023 15:30:00,3129,3150,3104.1,3138.9,1740616
3/31/2023 15:30:00,3189.95,3213,3152,3205.9,2382581
04-03-2023 15:30,3224.95,3224.95,3173.75,3200,1521830
04-05-2023 15:30,3185.5,3264.35,3185.5,3239.8,2655065
04-06-2023 15:30,3225,3257.35,3215,3220.7,1703464
04-10-2023 15:30,3220,3272,3215,3263.4,2203187
04-11-2023 15:30,3264,3272.95,3192.15,3213.8,2348779
04-12-2023 15:30,3227.95,3260.95,3199,3241.65,2417727
4/13/2023 15:30:00,3210,3230,3180,3188.85,4174070
4/17/2023 15:30:00,3134.1,3163.4,3070.25,3139.5,5505048
4/18/2023 15:30:00,3154.95,3156.85,3110.6,3130.75,2617302
4/19/2023 15:30:00,3130.75,3140,3071.5,3089.6,3298034
4/20/2023 15:30:00,3090,3113,3078,3104.8,2419999
4/21/2023 15:30:00,3110,3164.45,3100.8,3160.85,1929184
4/24/2023 15:30:00,3151.1,3180.95,3126.15,3174.8,1640676
4/25/2023 15:30:00,3183,3191.2,3147.5,3176,2024090
4/26/2023 15:30:00,3181,3208.4,3181,3198.15,2000029
4/27/2023 15:30:00,3185,3199.2,3170.65,3187.95,2434446
4/28/2023 15:30:00,3200.4,3227.25,3196.25,3219.25,2931312
05-02-2023 15:30,3235,3235,3210,3219.4,2321159
05-03-2023 15:30,3216,3216,3173.15,3179.9,2468285
05-04-2023 15:30,3180.15,3224.45,3178,3220.7,1953253
05-05-2023 15:30,3220,3244,3210.05,3230.7,1710027
05-08-2023 15:30,3245,3254.85,3231.3,3250.6,928235
05-09-2023 15:30,3252.6,3298,3246,3283.25,1107375
05-10-2023 15:30,3290,3306.5,3266.05,3286.8,1559987
05-11-2023 15:30,3309,3309.7,3272,3282.15,1719623
05-12-2023 15:30,3279.15,3290,3260,3274.3,1027479
5/15/2023 15:30:00,3284,3292,3248.35,3255.05,1150390
5/16/2023 15:30:00,3256.2,3285,3250.45,3258.15,986306
5/17/2023 15:30:00,3255.95,3280,3198.25,3208.7,1588815
5/18/2023 15:30:00,3225.95,3228.95,3195,3199.85,1369364
5/19/2023 15:30:00,3210,3234.5,3203.05,3222.85,1152449
5/22/2023 15:30:00,3230,3308.45,3217.05,3298.7,1333243
5/23/2023 15:30:00,3306,3327.95,3290.1,3297.05,1687418
5/24/2023 15:30:00,3276,3317.2,3276,3303.35,1016555
5/25/2023 15:30:00,3294,3306,3267.1,3293.5,1374917
5/26/2023 15:30:00,3293.5,3338.65,3291,3328.9,1791115
5/29/2023 15:30:00,3360.8,3372,3312,3320.35,1210372
5/30/2023 15:30:00,3315,3326.95,3301.35,3316.2,1344224
5/31/2023 15:30:00,3309,3327.7,3265.15,3289.5,5815424
06-01-2023 15:30,3314,3340,3297.5,3324,1177314
06-02-2023 15:30,3326.25,3335.9,3297.45,3305.6,2030661
06-05-2023 15:30,3315,3327,3285.05,3288.9,1861468
06-06-2023 15:30,3280,3288.85,3220.6,3232.3,2022849
06-07-2023 15:30,3253,3278.85,3241,3274.9,1567196
06-08-2023 15:30,3261,3270,3233,3236.45,1759366
06-09-2023 15:30,3245,3250,3205.35,3209.3,1775689
06-12-2023 15:30,3215,3254.4,3211,3246.9,2324605
6/13/2023 15:30:00,3260,3265,3239,3243.7,1371928
6/14/2023 15:30:00,3243.7,3255.85,3225.85,3251.05,1658544
6/15/2023 15:30:00,3245.3,3247.45,3210,3216.3,2273810
6/16/2023 15:30:00,3197,3199.4,3156,3174.9,4156189
6/19/2023 15:30:00,3190,3214.9,3175,3210.4,1468186
6/20/2023 15:30:00,3214,3232.5,3201.05,3227.7,1528452
6/21/2023 15:30:00,3250,3261.4,3223.95,3258.2,1645987
6/22/2023 15:30:00,3260,3267.65,3230.1,3238.5,1529603
6/23/2023 15:30:00,3237.3,3249.4,3209.15,3216.35,1119505
6/26/2023 15:30:00,3205,3213.9,3173,3189.65,1978803
6/27/2023 15:30:00,3202,3209.65,3182.3,3197.35,863542
6/28/2023 15:30:00,3208,3230.95,3193.4,3215.45,1575872
6/30/2023 15:30:00,3220,3310,3214.1,3302.25,2672406
07-03-2023 15:30,3314.3,3318.8,3268.75,3272.3,1687264
07-04-2023 15:30,3290,3315,3277.3,3308.85,1656681
07-05-2023 15:30,3320,3329,3305,3319.95,1453008
07-06-2023 15:30,3306.55,3328.45,3302,3322.9,1848238
07-07-2023 15:30,3302,3356.9,3302,3329.25,1789326
07-10-2023 15:30,3324.75,3324.75,3265.2,3271.95,1407431
07-11-2023 15:30,3295,3295,3260.8,3272.4,1110172
07-12-2023 15:30,3280.95,3289.15,3250.1,3259.9,1515240
7/13/2023 15:30:00,3284,3367.45,3272.75,3340.55,4585146
7/14/2023 15:30:00,3365,3524.85,3352,3514.65,6306101
7/17/2023 15:30:00,3510,3549.9,3477.05,3491.7,2743228
7/18/2023 15:30:00,3476,3524,3465,3496.85,2600090
7/19/2023 15:30:00,3500,3516.85,3445.65,3470.05,2405370
7/20/2023 15:30:00,3453.1,3478.9,3436.05,3463.3,1715404
7/21/2023 15:30:00,3404.05,3434.9,3359.05,3368.3,3770223
7/24/2023 15:30:00,3381,3413.45,3372.1,3394.75,1680132
7/25/2023 15:30:00,3397.5,3406.8,3380.2,3399.15,1272980
7/26/2023 15:30:00,3400.35,3420.85,3385,3388.3,1066803
7/27/2023 15:30:00,3394.95,3411.65,3385.05,3396.9,1701769
7/28/2023 15:30:00,3385,3393.7,3331,3355.4,2599831
7/31/2023 15:30:00,3364.4,3426.65,3360.9,3421.45,2743678
08-01-2023 15:30,3415,3460,3415,3452.05,1956167
08-02-2023 15:30,3434.95,3446.4,3413.6,3440.65,1914899
08-03-2023 15:30,3420,3433.25,3368,3399.95,2026351
08-04-2023 15:30,3401.25,3471,3401.25,3443.55,2248493
08-07-2023 15:30,3453.95,3488,3441.25,3484.05,1853889
08-08-2023 15:30,3484.05,3489.95,3456.6,3470.6,1634225
08-09-2023 15:30,3464.9,3467,3425.05,3462.5,1794589
08-10-2023 15:30,3450,3464.9,3430.05,3442.1,1096701
08-11-2023 15:30,3438.1,3466.65,3414,3448.8,1679974
8/14/2023 15:30:00,3440.7,3455,3411,3449.85,1190425
8/16/2023 15:30:00,3450,3466,3435.2,3458.4,1328445
8/17/2023 15:30:00,3455,3460.8,3413.2,3435.75,1843241
8/18/2023 15:30:00,3410,3410,3356.5,3367.1,2526749
8/21/2023 15:30:00,3375,3409.75,3372,3401.65,1375579
8/22/2023 15:30:00,3400,3411,3365.05,3382.15,1222012
8/23/2023 15:30:00,3388,3402,3376,3398.25,1330046
8/24/2023 15:30:00,3408,3413.05,3378.1,3387.75,1152881
8/25/2023 15:30:00,3375,3385.8,3350.25,3381.3,1158046
8/28/2023 15:30:00,3394,3394,3360.1,3375.55,1037485
8/29/2023 15:30:00,3381.05,3389.55,3365,3376.15,944517
8/30/2023 15:30:00,3398,3408.1,3383.05,3390.95,1188200
8/31/2023 15:30:00,3401,3417.4,3343.65,3356.8,3417652
09-01-2023 15:30,3366,3389,3356.8,3379.2,1277950
09-04-2023 15:30,3378,3432.85,3370.05,3418.5,1828332
09-05-2023 15:30,3420,3447,3405.15,3429.35,1501842
09-06-2023 15:30,3434,3443.9,3398.1,3429.9,1314818
09-07-2023 15:30,3430.8,3460,3422.3,3455.25,1885092
09-08-2023 15:30,3455.25,3465,3435.05,3441.9,1518917
09-11-2023 15:30,3462,3485.7,3445,3480.65,1783604
09-12-2023 15:30,3492,3589.9,3483,3580.8,4476016
9/13/2023 15:30:00,3571.1,3588.85,3545,3567.85,1754929
9/14/2023 15:30:00,3570.05,3597.7,3545.6,3560.05,2604721
9/15/2023 15:30:00,3567.85,3607.35,3562.45,3598.3,2952897
